,Open-Ended Response,age,sex,orient,ethnic,relig,area,SES,politics,HC1,HC2,HC3,HC4,HC5,HC6,HC7,HC8,HC9,HC10,HC11,HC12,HC13,HC14,HC15,HC16,HC17,HC18,HC19,HC20,HC21,HC22,HC23,HC24,HC25,HC26,HC27,HC28,HC29,HC30,HC31,HC32,HC33,HC34,HC35,HC36,HC37,HC38,HC39,HC40,HC41,HC42,HC43,HC44,HC45,HC46,happen
1,5c92a21d2affcf001776a514,27,2,1,2,3,7,2,4,2,5,1,2,1,1,1,1,2,1,1,1,2,5,4,3,5,4,4,1,2,2,5,3,4,2,1,1,2,4,1,1,2,1,2,4,4,2,1,1,3,1,2,2,4,2,2
2,5c97c9f2c06ab30001343343,25,2,1,1,1,2,7,1,1,5,1,3,1,1,1,1,1,1,2,1,2,5,4,3,4,3,3,2,2,5,5,2,4,4,1,1,4,4,1,1,1,1,4,3,4,4,1,2,4,1,2,1,2,2,3
3,5c0cfc4073986d00017856f0,29,2,1,3,3,3,3,3,4,3,1,4,3,4,1,1,5,2,3,1,3,5,4,3,4,5,5,2,2,5,5,5,4,4,3,2,4,4,1,3,1,1,4,4,5,4,2,3,4,3,2,2,3,4,1
4,5cb38cb160f7de00174f5eb2,23,2,1,1,1,7,7,1,4,5,1,1,5,5,2,2,3,2,4,5,5,4,1,5,4,1,5,1,1,2,5,4,1,3,1,1,1,5,1,5,5,3,3,4,5,5,1,4,1,5,5,1,1,1,1
5,5c6eef852cd3cb0001fadcf4,38,2,1,1,1,10,2,1,3,5,1,4,1,2,1,1,2,1,2,1,2,5,4,3,3,4,2,2,3,2,4,2,4,2,2,1,2,4,3,3,1,2,3,3,4,3,1,1,2,2,3,1,2,3,1
6,5bfc8b3273fc5100019f8b88,54,2,1,5,2,2,4,1,3,4,4,3,4,3,4,4,2,3,4,3,2,3,3,3,3,3,3,4,3,3,2,2,2,2,2,3,2,2,3,3,3,3,3,3,3,2,3,3,3,4,3,3,3,2,1
7,5c824d998a3a800001c83120,32,1,3,4,1,7,2,1,1,5,1,4,1,1,1,1,5,1,1,1,5,5,4,3,5,4,5,1,1,5,4,3,5,5,2,1,5,5,1,1,1,1,5,5,5,5,1,1,5,1,1,1,1,1,2
8,5bf8c4fc6669ae000122f670,26,2,1,1,1,6,2,1,3,4,4,2,3,2,4,4,1,2,3,4,2,4,3,2,2,2,2,3,2,3,4,2,2,2,2,2,2,2,3,4,2,2,2,3,2,2,3,2,2,2,4,3,4,2,1
9,5c855c77a01a2400014bb2ca,38,2,1,1,1,8,2,1,2,4,4,3,3,2,3,3,3,2,2,2,3,4,3,3,2,3,4,3,3,4,4,2,3,4,3,2,4,4,4,3,1,2,3,4,4,4,2,3,4,3,3,2,3,4,1
10,5c9b534b519f7500182be9b7,43,2,1,3,2,8,4,4,2,5,1,4,3,2,2,2,4,1,3,2,3,4,3,3,3,4,3,3,3,3,4,4,4,3,3,2,3,4,3,2,2,2,3,3,4,3,2,2,4,2,3,2,3,3,3
11,5b6bff5910cd420001b9c466,37,2,1,1,2,4,5,1,3,5,3,3,3,2,5,5,4,2,4,1,5,4,3,2,5,3,4,4,4,2,3,3,2,2,3,3,1,3,4,4,3,3,3,3,3,4,4,3,3,3,2,4,4,3,1
12,5c67e30581ea8900018ae0d0,55,1,1,1,6,7,2,4,3,3,3,1,5,3,3,3,3,3,5,3,1,3,1,3,3,1,3,3,2,3,5,3,1,3,3,1,3,3,3,3,1,1,1,1,3,1,4,3,1,3,3,1,3,5,1
13,5b49928e9b58720001c47256,24,1,2,1,4,2,3,6,3,5,4,1,3,3,2,2,1,3,3,1,1,5,3,3,5,3,3,3,5,3,3,3,3,3,2,3,3,3,3,5,2,1,3,3,5,3,3,4,3,3,4,3,2,3,2
14,5a9dd20b4eecca0001dd9f1d,36,1,1,1,1,10,2,3,2,4,2,4,2,2,2,2,3,2,2,2,4,4,4,3,3,4,3,2,2,4,4,3,4,3,2,2,3,4,3,2,2,2,3,3,4,3,2,2,3,2,2,2,2,3,1
15,5c46c60f5aca820001f7d05d,40,2,1,1,2,5,3,1,3,5,2,2,2,2,3,3,1,3,3,1,2,4,2,3,3,1,4,3,2,3,5,2,2,3,2,2,3,3,1,3,1,1,2,3,3,3,2,2,2,2,1,1,4,3,1
16,5c06fd0ff54ede0001b2ce16,33,2,1,1,1,7,2,1,2,5,2,3,1,2,2,2,2,1,3,2,2,4,4,3,3,4,4,2,3,2,4,2,3,2,2,2,2,4,2,2,1,2,3,3,3,4,2,2,2,2,2,2,4,2,1
17,5ca533aea32f4a0001af4cab,41,2,1,1,1,8,3,6,4,5,3,4,4,3,4,4,1,2,4,1,5,3,2,4,4,5,5,4,4,4,3,1,3,5,1,1,5,4,1,4,1,1,3,3,4,4,2,4,1,4,4,2,4,3,1
18,5c41a0dc16e75f0001601507,44,2,5,1,2,8,2,3,2,5,1,5,1,1,1,1,3,1,1,1,4,5,5,1,5,5,5,1,1,5,5,4,5,5,3,1,5,5,2,1,1,1,3,5,5,5,1,1,5,1,1,1,3,1,2
19,59a5ceaccdf3820001654951,37,2,1,1,1,6,7,3,2,5,1,3,3,2,3,3,2,1,3,3,2,4,3,2,3,3,3,2,3,3,4,2,3,2,2,2,3,4,3,3,2,2,2,3,2,3,3,2,3,3,3,2,2,3,1
20,5c9166ce886f470016b76fd7,38,2,1,4,1,6,4,6,3,4,3,1,2,3,3,3,1,2,3,2,2,4,2,3,4,2,3,3,3,2,4,2,2,2,2,2,2,4,3,3,3,3,2,3,4,2,3,3,3,3,3,2,3,2,1
21,5c991410d660cf0017da1e3b,25,2,1,1,1,7,3,3,1,5,1,4,1,1,1,1,3,1,2,1,4,5,5,3,5,5,4,1,2,5,5,3,4,3,3,1,4,5,2,1,1,1,4,4,5,4,1,1,3,1,1,1,3,3,1
22,5ae64fa17edeb000014a8fbc,24,2,1,1,1,7,7,1,3,4,1,2,1,3,3,3,1,1,1,1,1,4,4,3,3,5,5,4,1,3,4,4,3,3,3,3,2,3,2,5,1,1,5,5,5,3,3,4,4,3,3,1,1,3,1
23,578df4b94d107800016dbf86,61,2,1,1,1,2,1,5,5,4,3,1,4,5,4,4,1,3,4,3,1,4,1,3,2,1,2,4,4,2,4,1,2,2,1,3,1,2,2,5,4,2,1,2,2,1,3,5,1,5,5,3,2,3,3
24,5c68606058b97400013b317d,26,2,1,1,1,7,2,3,1,5,1,5,1,1,1,1,4,1,1,1,4,5,4,3,4,5,5,1,1,5,5,3,5,5,5,1,5,5,1,1,1,1,5,5,5,5,1,1,4,1,1,1,1,1,1
25,5a623af135f26b0001490d53,35,2,1,1,2,4,2,5,2,5,2,3,2,2,2,2,4,2,2,2,2,4,2,3,4,2,4,2,2,3,4,3,2,3,3,2,3,4,2,2,2,3,3,4,4,3,2,2,3,2,2,2,3,2,1
26,5c3cd34fe0ea82000145f5f6,31,2,1,1,1,10,2,4,1,5,1,4,1,1,1,4,3,1,1,1,3,5,3,3,4,3,5,1,1,4,4,3,3,4,3,1,3,4,1,2,1,1,3,4,5,3,1,1,4,1,1,1,1,2,1
27,5c83953a5bb27200163c7c9a,23,2,1,3,3,5,2,5,3,5,3,4,4,2,1,1,3,2,2,2,4,4,5,4,3,4,4,5,3,5,4,4,4,5,4,1,5,4,4,1,1,4,4,4,4,4,4,1,4,4,4,3,4,4,1
28,593d58625496660001706cba,56,2,1,1,1,7,3,5,2,5,1,2,3,2,1,1,2,1,3,1,3,4,2,3,4,2,3,2,2,3,4,2,2,3,3,2,3,4,1,2,3,1,3,4,4,3,1,2,4,1,2,1,3,2,1
29,5cab9c01291df900015c2849,28,1,3,1,1,2,3,3,2,1,2,2,2,2,2,2,4,2,2,2,2,4,4,2,4,5,4,2,2,4,4,3,4,4,2,2,4,4,1,2,3,2,4,4,4,4,2,2,2,2,2,2,2,1,1
30,5c29ca6e867f660001aed60f,21,1,1,1,1,6,2,4,2,5,1,5,1,2,1,1,3,2,2,1,5,5,4,3,5,5,4,2,3,5,5,3,5,5,3,1,5,5,2,2,1,1,4,4,5,4,1,2,3,1,2,1,2,3,1
31,5cabe002f3f386001879f021,31,2,1,1,1,7,7,1,1,5,1,5,3,1,1,1,4,1,1,1,4,5,5,3,5,5,5,1,1,4,5,4,4,5,1,1,5,5,1,1,1,1,3,4,5,5,1,1,4,2,2,1,1,1,2
32,5bf302a7e221720001f55eea,29,2,3,1,6,9,4,7,1,5,1,4,2,1,1,1,2,1,1,1,2,5,3,4,5,4,4,2,2,4,5,2,4,2,1,1,2,5,1,2,1,1,3,3,5,2,1,2,2,1,2,1,2,1,3
33,5be564e7df64f800010e951a,19,2,1,1,1,7,5,2,1,5,1,4,1,1,1,1,3,1,1,1,3,4,4,4,5,4,4,2,2,4,4,3,4,4,4,1,4,4,1,1,1,1,5,4,5,5,1,1,5,1,1,1,3,2,1
34,Samantha-hartley@hotmail.com,32,2,1,1,1,4,2,5,3,4,2,4,2,2,2,2,2,2,2,2,2,4,4,3,3,4,4,2,2,3,4,3,3,3,2,2,3,4,3,4,3,2,2,3,4,3,2,3,4,3,3,3,2,2,1
35,5bfed16ca1f050000102693c,24,2,1,1,8,2,5,5,3,5,2,3,2,2,2,2,4,2,3,2,3,5,4,2,3,3,4,4,2,4,5,3,3,4,1,2,4,3,1,3,2,3,2,3,3,3,2,2,4,4,4,2,5,3,1
36,5ca60e024be4c60016efbf7c,35,2,1,1,8,5,7,1,2,5,1,3,1,1,1,1,2,1,1,1,2,5,4,3,3,4,4,2,1,2,5,2,4,2,2,1,2,4,1,1,1,1,2,3,4,2,1,1,3,2,1,1,1,3,1
37,5a944c71873cda0001dc68b6,31,2,1,1,2,11,7,1,4,3,3,2,3,4,3,3,3,3,3,1,1,3,3,4,3,3,2,3,2,2,3,2,1,2,2,1,3,1,1,3,2,1,1,1,4,1,1,3,3,3,3,2,3,2,1
38,5a0987430fff620001a6bfa9,29,2,1,1,1,7,1,3,1,4,1,5,1,1,1,1,3,1,2,1,3,5,2,1,4,4,4,1,1,4,4,3,4,4,3,1,3,5,1,1,1,1,3,4,4,3,1,1,2,1,1,1,1,1,3
39,5c3bc1b93747de0001a4d805,32,2,1,1,2,3,2,4,1,5,1,4,2,1,1,1,2,1,1,1,3,5,4,3,4,4,3,1,1,3,5,3,4,3,3,1,3,4,2,2,1,1,3,4,4,3,1,1,3,2,2,1,4,3,1
40,5c5c9879b327020001d5742d,40,2,1,1,2,5,2,5,2,5,1,4,3,1,2,2,4,2,2,2,2,4,3,3,2,3,4,3,3,4,4,3,3,4,2,2,2,3,3,3,2,3,3,3,4,4,2,3,3,3,3,4,3,3,1
41,5be1b727c825cd00017af369,46,2,1,1,2,10,4,1,1,5,1,4,1,1,1,1,3,1,1,1,4,5,3,2,5,4,4,2,1,5,5,3,5,4,2,1,4,4,2,1,1,1,3,4,4,4,1,1,3,1,1,1,5,1,1
42,5b291f536ff8fc00013d4609,33,1,1,1,2,5,2,4,2,4,2,3,2,2,2,2,3,2,2,2,2,2,3,2,4,4,3,2,2,2,4,3,2,2,2,2,3,4,1,2,1,2,3,4,4,3,2,2,2,2,2,1,1,2,2
43,570570eb61ab6a0010d484d0,44,1,1,1,1,6,3,4,3,4,2,4,3,3,3,3,2,2,2,3,2,4,4,3,4,4,4,2,2,4,4,2,4,4,2,1,3,4,1,2,2,1,3,4,4,3,3,2,2,2,3,2,3,2,1
44,5bcd24135c2b810001dc9756,18,2,3,4,1,2,7,3,1,5,1,4,1,1,1,1,3,1,1,1,4,5,4,4,4,4,5,1,1,5,5,3,4,4,3,1,5,5,1,1,1,1,3,3,5,5,1,1,3,1,1,1,3,1,2
45,5a980729f05361000171e333,22,1,1,1,1,3,3,1,2,5,1,4,4,2,2,2,2,1,2,4,2,3,4,3,4,4,4,2,2,2,5,2,4,2,2,2,2,4,1,2,2,2,4,4,4,4,2,2,3,2,2,1,3,2,1
46,5c8104724bb4bc0001ea4669,28,1,1,1,8,1,1,5,4,4,2,1,4,4,5,1,1,5,5,2,1,4,2,1,3,1,1,5,1,1,4,1,2,2,1,5,5,5,3,5,2,3,2,3,5,1,5,3,3,4,4,2,4,4,1
47,5cb206ee3d6647001724d5af,36,2,1,1,1,6,2,3,1,5,1,4,2,1,1,1,3,1,1,1,3,5,4,3,3,4,4,1,2,4,5,3,4,4,4,2,4,5,1,1,2,1,4,4,4,4,1,1,3,2,1,1,2,2,1
48,5bda4059ea656500011d5334,34,2,1,5,3,7,3,1,4,5,3,5,2,2,1,1,3,3,2,1,4,5,4,2,2,5,5,2,3,4,4,4,4,4,2,1,4,2,1,1,4,1,4,3,3,4,2,2,4,2,2,3,2,2,1
49,5b6f5150410d9d0001a551e4,33,2,1,1,1,5,2,3,2,5,2,3,2,2,2,2,3,2,2,2,3,4,3,3,3,3,4,2,3,4,4,3,3,4,3,2,4,4,3,2,2,2,3,4,4,4,2,2,3,3,3,2,2,3,3
50,5b290d737297750001c74b0c,27,2,3,1,1,8,4,4,2,4,1,3,2,3,2,2,3,3,2,2,3,5,4,3,3,4,4,4,2,3,4,3,3,3,3,2,3,4,2,3,3,3,4,4,4,3,2,2,4,2,2,2,3,2,1
51,5c014c41d9f38a00014b1b31,43,1,1,1,1,10,3,3,2,5,1,2,2,2,2,2,3,2,2,2,2,4,3,2,3,3,3,2,2,3,5,2,3,3,2,2,3,4,2,2,1,2,3,3,4,3,2,2,2,2,2,2,4,2,2
52,5c84edb7eac48a0012316683@email.prolific.ac,52,2,1,1,2,9,4,1,2,3,1,3,3,2,1,1,3,2,2,1,3,4,3,3,3,4,4,2,3,4,4,3,3,4,3,2,4,3,1,2,2,3,3,3,4,4,1,1,3,3,3,3,3,2,1
53,5c9b,34,2,1,1,1,6,7,1,2,4,3,2,4,3,3,3,2,3,2,2,2,4,2,4,2,2,2,2,2,3,4,3,2,2,2,2,2,3,2,4,2,2,2,3,4,3,2,4,3,4,3,2,4,3,1
54,5c3f7f7bc21f060001c47156,24,2,3,1,1,6,4,3,1,5,1,4,1,1,1,1,3,1,1,1,4,5,3,5,4,4,4,1,2,4,5,3,4,4,2,1,3,5,1,1,1,1,4,4,5,4,1,1,4,1,1,1,4,1,2
55,5c8d060c6809990001e35690,49,2,1,1,2,8,4,1,2,5,1,4,2,2,2,2,3,1,2,2,3,5,3,3,3,3,4,3,2,2,4,2,3,3,2,3,3,4,2,2,1,3,4,3,4,4,2,2,2,2,2,1,3,3,1
56,5c61a0d0b6c20c00017eca07,52,2,1,1,2,10,2,3,1,5,1,4,1,1,1,1,3,1,1,1,3,4,4,3,1,4,5,2,1,3,5,4,5,5,1,1,1,5,1,1,1,1,1,4,5,3,1,1,1,1,1,1,1,1,1
57,5bd04ac6812783000162cd2f,30,2,1,1,1,4,2,3,2,5,1,4,3,2,1,1,2,2,1,1,3,5,4,3,3,4,4,2,1,3,4,3,4,3,1,2,3,4,1,1,1,1,4,4,4,4,2,1,3,1,1,2,1,3,1
58,5c9a001bca9d1f00109d04e7,19,1,1,1,1,1,4,5,1,4,1,1,5,1,1,1,3,1,3,1,4,5,5,1,4,4,4,1,3,5,5,4,3,5,1,1,4,3,1,1,1,1,4,4,3,4,1,1,2,5,1,1,5,3,3
59,5bddbc16ee75310001efb361,34,2,1,1,2,5,2,6,3,4,1,2,3,2,1,2,3,3,2,2,3,4,4,3,4,4,4,3,2,4,4,3,4,4,3,2,4,4,2,3,2,2,3,3,4,4,2,3,4,2,2,2,3,3,1
60,5c9bb9fc8637dd0001cf9799,32,2,1,1,2,2,2,1,4,5,2,2,3,4,2,2,3,2,4,2,2,4,2,2,4,2,4,2,2,4,5,2,2,2,2,1,2,4,3,2,2,2,2,4,4,2,2,2,2,2,2,2,4,4,1
61,5c696c5c48985d0001f0ab85,26,2,1,1,1,5,5,1,2,5,1,2,2,1,1,1,3,1,1,1,3,5,3,3,4,2,3,1,4,3,5,2,2,3,3,1,3,4,1,3,2,1,3,3,5,3,5,1,3,3,2,1,1,1,1
62,5c82966ff2d62e000175cd1a,47,2,1,1,2,7,3,5,3,5,3,4,4,1,3,3,3,2,3,2,3,4,4,2,3,5,4,2,3,3,5,4,4,3,3,3,3,3,2,3,2,3,4,4,3,4,3,3,3,3,2,3,3,2,1
63,5c802f6cc4f9350016c743c2,32,1,7,1,8,5,2,5,3,4,4,3,3,3,3,3,3,3,4,3,3,3,4,4,4,4,4,3,4,4,4,2,2,3,4,4,3,3,3,3,4,3,3,3,4,3,2,2,2,2,3,4,4,4,1
64,5c7d7b7b266f210010af4bc3,28,2,1,1,1,6,1,2,1,5,1,3,1,1,1,1,3,1,1,1,3,4,4,3,4,4,4,3,2,4,4,2,3,4,1,1,4,5,1,1,1,1,5,5,5,5,1,1,2,1,1,1,1,1,1
65,5c8c5da82edaac0017900fe9,35,1,1,2,2,6,2,1,2,5,2,4,2,3,3,2,4,1,1,1,3,4,2,3,5,4,4,4,1,4,4,5,4,4,4,1,5,4,1,2,1,1,4,3,5,4,1,1,4,2,2,1,1,2,1
66,5c8d93011bb19f00169d5867,37,2,1,1,2,2,1,4,1,5,1,3,2,1,1,1,3,1,1,1,3,5,4,3,4,4,5,1,2,5,5,2,5,5,2,1,4,5,2,2,2,1,5,5,5,3,2,2,3,1,2,1,2,2,1
67,5c44a3c7d511190001151268,27,1,1,1,2,6,2,1,1,5,1,2,1,1,1,1,4,1,1,1,2,2,4,2,5,4,3,2,1,2,5,2,3,2,2,1,2,5,1,2,2,2,3,4,5,3,2,1,3,2,2,2,2,2,3
68,5a1f20edff266c0001d21be7,34,1,1,1,1,3,1,3,4,5,1,3,4,2,1,1,3,3,3,2,2,4,4,3,3,4,2,3,2,2,4,1,2,2,1,2,3,2,2,2,1,2,1,1,4,1,2,3,1,2,2,3,4,3,1
69,5c1bb62289f03500017272f5,23,3,5,3,1,6,2,2,2,5,1,2,1,1,1,1,5,1,1,1,5,5,3,4,4,2,4,1,2,4,5,4,2,4,5,1,5,5,1,1,1,1,5,4,4,5,1,1,3,1,1,1,1,1,2
70,5c3f64ff5l0075000,64,2,1,1,2,7,2,4,3,4,2,3,2,2,2,2,2,2,2,2,2,2,3,3,3,3,4,4,2,2,5,3,2,3,3,2,2,1,1,4,1,1,3,5,4,1,2,1,5,2,1,1,1,1,3
71,5c7d2d356babcb000184fd3e,31,2,1,1,1,2,3,3,2,5,1,5,3,2,1,1,2,1,3,1,2,4,3,3,3,4,4,2,3,4,5,2,3,3,3,1,3,4,1,2,1,2,3,3,3,3,2,1,3,1,1,1,5,3,1
72,5c433,40,2,1,1,1,7,1,2,2,4,2,2,2,2,2,2,2,2,2,2,2,3,2,2,2,3,4,1,1,2,5,3,1,2,2,1,1,4,1,1,1,1,2,1,2,2,1,1,1,1,1,1,1,1,1
73,5bfdc2c3bc47a000016baad6,38,1,1,1,1,8,3,3,1,5,1,4,1,1,1,1,3,1,1,1,3,5,3,1,5,4,3,1,1,3,5,3,4,3,3,1,3,5,1,1,1,1,3,3,5,3,1,1,3,1,1,1,1,1,1
74,5c9cb71960a25400174337a0,24,1,1,1,1,6,5,5,1,5,4,2,2,2,2,2,2,2,2,2,3,4,4,3,3,3,3,2,4,4,4,4,4,4,4,4,3,3,1,2,2,2,3,3,3,3,3,3,3,3,3,3,3,3,3
75,5c19247000849900010af945,39,2,1,1,1,1,3,3,2,5,1,4,2,2,2,2,3,2,2,2,3,4,3,3,4,4,3,2,3,3,5,2,4,3,2,2,3,4,2,2,2,2,3,3,4,3,2,2,3,2,2,2,4,2,1
76,5c7d64ae419dcc0016119c2c,38,2,1,1,1,8,2,6,2,5,1,2,2,1,1,1,1,1,1,1,4,4,5,2,5,3,4,2,2,4,5,1,4,4,1,2,4,4,2,2,1,2,4,4,4,4,1,2,3,2,2,2,2,2,1
77,5bca59f832e46700016ecf36,33,1,1,1,2,2,1,6,2,4,1,4,2,2,2,2,2,2,2,2,4,4,4,2,4,4,5,2,2,4,4,3,4,4,3,2,4,4,2,2,1,1,4,4,4,4,2,2,4,2,2,2,1,1,1
78,5c0e6a7a390d55000101923e,37,2,1,1,1,10,7,3,3,5,1,3,1,1,2,1,5,2,1,1,5,5,4,3,5,4,5,1,2,5,5,4,5,5,3,3,5,4,1,1,1,1,5,5,5,5,1,1,5,1,1,1,4,1,2
79,5c97d5f67b33e900178db877,24,1,1,3,1,7,2,1,2,3,1,3,2,3,1,1,3,1,1,1,4,4,3,3,3,3,5,2,2,5,5,3,3,5,3,1,5,4,2,2,1,1,3,5,3,5,1,1,3,1,1,1,5,3,1
80,5c67d319dcdfb700014b065f,42,1,1,1,1,6,5,6,2,4,2,3,3,2,2,2,3,2,3,2,3,4,3,3,4,3,3,2,2,3,4,3,3,3,3,1,3,4,3,3,2,2,3,4,4,3,2,3,3,2,3,2,1,2,1
81,5b59fd1a8843380001553fc7,21,1,1,1,1,7,2,3,2,4,1,2,2,1,1,1,3,1,2,1,3,5,2,2,4,2,4,2,2,3,4,3,2,3,3,1,3,4,1,2,3,2,3,4,4,3,1,2,3,1,2,2,3,2,1
82,5c37ac66bc6444000133b38e,22,2,1,1,1,5,5,5,3,4,3,3,3,3,3,3,3,3,3,3,3,3,3,3,3,3,3,3,3,3,3,3,3,3,3,3,3,3,3,3,3,3,3,3,3,3,3,3,3,3,3,3,3,3,1
83,5bf555e5d944c300012622c7,30,1,1,1,1,10,2,6,4,4,4,2,4,4,5,4,1,2,4,2,1,4,1,3,1,1,1,4,4,1,3,1,4,1,1,5,4,1,5,5,2,3,2,1,3,1,5,5,3,5,5,4,3,5,1
84,5c5c40696d0fe50001f03363,18,2,1,1,1,5,1,3,3,4,1,4,2,2,1,1,2,3,2,1,2,3,3,3,4,4,4,2,3,4,4,2,4,4,2,2,3,4,2,2,1,1,3,4,4,4,1,1,4,1,1,1,3,2,1
85,5c69c70c32165800018b0b88,44,2,1,5,1,7,2,3,3,5,2,4,3,4,2,2,3,2,3,2,2,4,3,3,4,4,3,3,4,3,4,2,4,2,2,2,2,4,2,3,1,2,3,3,4,3,2,2,3,3,3,2,2,3,1
86,59801bfa5e90001263301,6,2,1,1,1,9,5,3,1,5,1,2,2,2,1,1,3,2,2,1,4,5,3,3,5,4,4,1,2,4,5,2,4,4,3,2,4,4,2,1,1,2,3,4,4,4,1,1,4,2,2,1,4,3,1
87,5c55e74e6aefef0001ea6e0d,40,2,1,1,1,7,2,7,1,4,1,4,1,1,1,1,2,1,1,1,3,4,2,3,3,4,4,2,2,5,4,2,4,5,2,1,4,4,1,1,1,1,4,4,4,5,1,1,3,1,1,1,2,2,2
88,5aba920bf69e940001d90c32,33,2,1,1,1,7,3,1,1,5,1,4,1,2,2,2,3,1,1,1,3,5,3,2,3,4,4,2,3,3,4,3,4,3,2,1,3,5,2,2,1,1,3,4,4,3,1,2,3,2,2,2,1,3,2
89,5bfefb17e470190001ab7d06,23,2,1,1,3,5,1,1,2,5,2,4,2,2,2,2,3,2,2,2,3,4,4,2,3,4,4,2,3,4,4,3,3,4,2,2,4,4,2,1,2,2,4,4,4,4,2,2,3,2,2,2,4,3,2
90,5c778c52419b560001020625,46,2,1,1,2,4,2,4,3,5,2,2,2,1,3,3,2,1,2,2,4,3,2,4,4,2,2,4,3,2,5,2,2,2,2,2,2,4,2,3,1,3,2,3,3,2,1,2,4,4,3,2,3,2,2
91,570a1a26de3e27000f020ed3,47,2,1,1,1,8,2,3,1,5,1,3,1,1,1,1,3,1,2,1,3,5,3,3,5,3,3,1,1,3,5,1,3,3,2,1,3,4,3,1,1,1,3,3,5,3,1,1,1,1,1,1,1,3,1
92,5bdc1b7fee652a0001efd045,27,2,1,1,2,7,2,6,4,5,2,3,2,4,2,2,4,2,2,2,3,4,4,3,4,2,2,4,2,2,5,2,3,2,2,2,2,3,2,4,1,1,3,2,4,2,2,3,4,2,2,1,3,2,1
93,5c869eb8e0f6e50001f0ada2,22,2,6,1,2,4,3,4,1,5,1,3,2,1,1,1,3,1,1,1,3,5,4,3,3,5,4,1,1,5,5,3,5,5,3,1,5,5,1,1,1,1,3,4,5,4,1,1,3,1,3,1,1,1,1
94,5cb1f18108d5a90018cc2ed4,23,2,1,1,1,9,5,3,1,4,1,1,2,1,1,1,3,1,1,1,3,4,3,3,3,3,4,1,2,4,5,3,4,4,1,1,4,5,1,1,1,2,3,5,5,4,1,1,3,3,1,1,1,2,1
95,5c6de215c292130001e5bf54,27,1,1,1,1,10,2,1,3,4,2,3,3,3,5,2,1,2,3,1,3,5,3,3,3,4,4,4,2,4,4,1,3,3,3,2,3,3,5,4,3,1,3,4,4,4,2,4,3,3,3,2,3,4,1
96,5c2fbaa589f035000176533a,34,2,1,2,2,7,1,5,3,4,3,2,2,2,2,2,4,2,2,2,2,2,2,2,3,2,2,3,2,2,4,4,4,2,2,2,2,2,2,2,3,2,3,3,3,3,3,3,3,3,2,2,4,3,1
97,5bead3d3feaa4a000164c40c,30,2,1,1,2,8,3,3,3,5,1,3,3,3,3,3,4,1,2,3,4,5,3,3,3,3,4,2,1,3,5,3,3,3,3,1,3,4,2,3,1,1,5,4,5,4,3,3,3,3,3,1,3,2,1
98,5bf52d1e8365350001677094,26,1,1,1,1,11,4,3,1,4,1,3,2,1,1,1,3,2,2,2,3,4,3,3,2,3,4,2,2,4,5,3,3,4,4,2,4,4,1,1,2,1,3,4,4,5,1,2,3,2,2,1,2,1,1
99,56047e5ae372c00010bd4431,51,2,1,1,1,8,3,1,2,4,2,3,3,2,3,3,2,2,3,3,2,3,2,2,3,2,2,3,3,2,5,2,3,3,2,2,2,3,2,4,2,2,2,2,3,2,3,4,2,3,3,2,2,2,1
100,5b7de18ff5f8bb0001f66b9d,28,1,2,4,1,7,2,3,1,5,1,3,1,1,1,1,5,1,1,1,5,5,4,3,5,4,5,1,1,5,5,5,4,5,1,1,5,5,1,1,1,1,5,5,5,5,1,1,5,1,2,1,1,3,2
101,5b241cd2626b8f0001c483ea,27,1,1,1,2,3,3,4,1,5,1,3,3,2,4,4,1,1,2,1,2,5,4,3,4,3,2,1,2,2,4,2,3,2,2,1,2,5,1,2,2,1,2,4,5,3,1,2,3,2,2,1,3,1,3
102,5c5d4afe4cc94200016a4982,53,1,1,3,1,6,1,5,4,5,3,4,3,3,2,1,2,2,3,2,3,4,3,3,5,3,3,3,2,2,4,2,2,3,3,3,2,4,2,3,2,2,2,2,4,2,2,2,2,2,2,2,2,2,1
103,5bfd300f6e6cd80001be6845,34,2,1,5,3,7,5,5,4,4,2,3,3,2,1,1,2,1,2,1,2,2,3,3,4,3,3,2,3,4,4,2,3,4,4,1,4,3,1,1,1,1,4,3,4,4,3,2,3,3,2,2,2,5,2
104,5c579f456d35da00018ca400,23,2,1,2,2,2,2,6,1,5,1,3,3,1,1,1,2,1,3,1,3,5,4,3,3,4,3,2,3,3,5,3,4,3,3,1,3,5,1,2,1,1,3,4,5,3,1,1,3,1,3,1,1,3,1
105,5c97730c25e64c0015118482,36,2,1,1,2,11,2,4,2,5,1,2,2,1,2,1,2,1,2,1,2,4,4,3,3,4,4,2,2,4,5,2,4,4,3,1,4,4,1,2,1,1,4,4,4,4,2,2,3,1,1,1,2,2,1
106,5c0c511775b88f0001c36a7e,27,1,1,1,1,5,4,6,4,5,2,4,4,2,4,3,4,2,3,3,4,4,4,3,4,4,4,4,3,3,4,4,4,4,3,2,4,4,2,4,2,2,4,4,4,4,3,2,4,3,3,3,2,3,1
107,5c912c607a7067000190a71c,24,2,1,1,1,7,5,3,3,4,1,4,1,3,2,2,2,2,2,1,3,5,3,3,3,4,4,2,2,4,5,2,3,4,3,1,3,4,1,3,3,1,3,4,4,4,1,3,3,2,2,1,1,1,1
108,5b39f4f71d4b680001694617,31,2,1,1,2,5,2,4,3,5,2,2,2,1,1,1,4,2,1,1,3,4,4,3,3,3,3,1,4,3,5,3,3,3,3,1,3,3,1,1,1,1,3,3,3,3,2,1,4,1,1,2,1,3,1
109,5cae7dd3eb05440017fd46b8,58,1,1,1,1,7,2,4,2,4,1,4,2,2,1,1,3,2,2,1,4,5,5,3,5,4,4,3,3,4,5,2,4,4,3,2,4,4,2,4,2,2,4,4,3,4,2,2,3,2,3,2,2,1,1
110,5c730da3cbfa390001bab068,27,2,1,1,2,5,5,1,3,5,5,5,2,3,2,2,3,3,3,1,3,4,4,3,1,4,4,4,3,3,4,2,3,3,1,1,3,4,1,4,3,1,4,4,3,3,2,3,5,3,3,2,3,3,2
111,5c364b88d7f44d00015a0e79,31,2,3,1,1,3,4,2,2,5,1,4,2,2,2,2,2,1,2,2,2,4,4,3,4,4,4,2,2,4,5,2,4,3,4,1,3,5,2,1,1,4,4,4,4,4,1,1,3,2,2,1,4,2,1
112,5bf7146cc86bc8000148725b,24,1,1,1,1,5,3,4,1,5,1,3,1,1,1,1,2,1,2,2,4,4,4,3,4,4,4,2,2,3,4,2,3,4,3,2,4,5,2,2,1,1,2,3,4,4,2,2,4,1,1,1,1,2,1
113,5ca5e666b54fe60001e21f2e,40,2,1,1,2,6,3,4,4,5,1,2,3,1,3,2,2,1,3,1,3,5,3,4,4,3,4,2,1,4,4,2,4,4,3,1,4,4,2,3,1,2,4,4,5,4,2,2,3,2,2,2,2,3,1
114,5cab30f4139a250001f2334e,29,2,2,1,1,10,2,4,1,5,1,2,1,1,1,1,3,1,1,1,3,4,4,3,4,2,4,2,2,3,4,3,4,4,2,1,4,4,1,2,1,2,4,4,4,3,1,1,1,1,1,1,4,3,1
115,5ca74ddd4e64a50012cf62f0,26,2,1,1,2,2,2,1,2,3,1,3,1,1,1,1,3,1,1,1,3,1,3,3,3,3,3,1,1,3,5,1,3,3,1,1,3,1,1,1,1,1,3,3,5,3,2,1,3,1,1,1,1,3,1
116,5b4d420fa3ace8000193ad7c,21,2,5,1,1,7,3,1,2,4,3,4,4,2,3,2,3,2,2,4,2,2,4,3,2,4,2,4,3,2,4,2,3,2,2,2,2,2,3,3,2,1,2,2,1,2,3,1,2,2,3,2,1,3,1
117,5c5d5ae21c47a000013f537e,32,2,3,1,1,4,4,4,2,5,1,3,1,2,2,2,1,1,1,2,2,5,3,3,5,4,4,2,1,4,5,1,4,4,1,1,4,5,3,2,1,2,3,4,5,3,2,2,4,1,1,1,1,3,3
118,5b564114d8348500012d2789,27,2,1,1,1,1,4,3,3,5,1,3,2,2,2,2,1,1,4,2,2,4,3,2,3,4,4,2,4,4,5,2,4,4,4,1,4,4,2,2,1,2,4,4,4,4,1,2,2,2,2,2,1,2,1
119,5bb8e45370f8df0001c025e8,22,2,1,1,1,5,5,5,2,5,1,2,3,1,1,1,2,1,3,2,2,4,2,2,2,4,4,4,2,4,5,3,3,3,3,2,4,4,2,2,3,2,3,4,4,4,2,2,3,2,2,1,4,2,3
120,5c90004f8d742d001174fd70,31,2,1,3,2,11,2,5,3,4,2,4,4,3,3,2,3,3,3,3,3,3,3,3,3,3,3,3,3,3,3,3,3,3,3,3,3,3,3,3,3,3,3,3,3,3,3,3,3,3,3,3,3,3,1
121,5ca508d85a4a520016e0c0b5,19,2,1,5,2,7,2,1,3,3,3,3,3,4,3,3,3,3,3,3,3,3,3,3,3,3,4,3,3,3,3,3,3,3,3,4,4,4,3,3,3,2,3,4,2,5,3,5,1,1,1,3,1,2,2
122,5b281303007d870001c7f24a,51,2,1,1,1,8,2,1,2,4,1,2,2,2,1,1,2,1,2,2,3,4,2,3,3,4,4,2,1,4,5,2,2,3,3,1,4,4,2,3,1,2,4,4,5,3,2,2,3,2,3,2,4,2,1
123,5c9a19cdd9540400018186e1,25,2,5,1,2,7,4,4,2,5,1,3,2,1,2,2,2,2,2,2,2,4,2,3,4,3,3,2,3,3,4,2,3,2,2,2,2,4,2,1,1,2,3,3,4,2,2,1,3,3,3,2,2,3,3
124,5a75927eaa46dd00016b1385,22,2,1,1,1,6,4,3,2,5,2,4,2,2,2,2,3,2,2,2,3,4,4,3,4,4,4,2,2,4,4,3,4,4,2,2,4,4,2,2,2,2,4,3,3,4,2,2,4,2,2,2,2,2,3
125,5ba0dbbcd1ff7a00013c5847,35,2,1,1,2,3,3,1,2,5,2,3,3,2,2,2,2,2,3,2,4,4,4,2,3,4,4,3,2,4,4,2,4,4,2,2,4,4,2,2,2,2,3,3,4,4,2,2,4,2,2,2,2,3,1
126,5ae3a25132c74a0001e79160,41,2,1,1,1,8,2,5,2,5,2,4,2,3,2,2,2,2,2,2,2,4,3,3,2,4,4,2,4,2,4,2,4,2,2,2,2,4,2,3,1,1,4,4,4,2,2,2,3,4,3,2,2,2,3
127,591e2e99529e9f0001ec705a,39,1,1,1,1,4,3,7,2,4,2,3,2,2,1,1,3,1,2,3,2,3,4,2,3,4,4,2,3,4,5,3,3,4,3,2,4,4,2,2,1,2,3,3,3,4,1,2,3,1,2,2,3,2,1
128,5c3cdb31c965c4000198e4b5,49,1,3,1,1,6,7,6,2,5,4,3,3,2,2,2,1,1,3,1,2,5,4,3,1,3,4,1,2,2,5,1,3,2,1,1,3,3,2,3,1,1,2,3,4,2,2,2,1,3,2,1,1,3,3
129,587249a2e9cb31000195ed09,57,1,1,1,1,7,2,3,3,4,2,4,4,3,2,2,1,2,3,1,2,4,3,2,4,4,3,4,3,2,3,1,4,3,1,3,2,3,3,2,1,4,2,1,4,3,1,2,3,2,3,3,3,2,2
130,5c29103d1c8e4c0001b2f77e,31,2,1,1,2,2,2,1,2,5,1,4,1,2,1,1,2,1,1,1,2,5,4,3,4,4,4,2,2,4,5,2,4,4,2,2,4,4,2,2,1,1,4,4,4,4,1,1,3,1,1,1,1,3,1
131,5ada503680491c000142e82d,68,1,1,1,1,4,6,6,5,4,3,5,4,5,4,4,3,4,4,4,2,2,3,3,3,3,3,5,3,3,3,3,2,2,2,4,2,2,4,5,4,3,3,3,2,2,4,5,3,4,4,4,4,4,1
132,560ce7f901c38a0012769e31,39,2,1,1,1,6,7,5,2,5,1,4,2,2,1,1,3,2,2,1,4,4,4,3,4,4,4,2,2,5,4,3,4,4,3,2,4,5,2,2,1,1,4,4,4,4,1,1,4,2,2,2,2,3,3
133,596a7bf6670f410001fe9903,36,2,1,1,2,4,2,1,2,5,1,3,2,3,3,3,4,1,3,2,4,4,4,3,4,4,4,2,2,4,5,3,3,4,4,2,4,4,1,3,2,3,4,3,5,5,1,2,3,3,3,2,3,2,1
134,5b927568f0d8ee0001c1d0b4,22,1,1,1,1,2,4,1,3,4,1,2,4,5,2,2,2,1,4,1,1,4,2,4,2,4,4,4,2,4,5,2,4,2,2,1,2,4,2,2,1,4,2,2,4,2,3,2,1,1,4,2,5,2,1
135,5b708571ecd75800014c9603,39,2,1,1,1,4,1,1,2,5,1,2,2,2,2,2,2,2,1,2,3,4,4,3,4,4,4,3,2,4,5,2,3,4,3,1,4,4,2,3,2,3,4,4,4,4,2,2,3,3,2,2,4,2,1
136,5c3d84ebe0755600017e84e7,34,2,1,1,1,6,2,4,4,4,1,4,2,2,1,1,1,1,2,1,2,4,4,1,4,3,2,4,1,2,4,1,4,2,1,2,2,4,4,2,1,2,2,2,4,2,1,3,1,1,2,4,4,2,1
137,5c2e8190a6ef840001fe7e9f,40,1,1,1,2,7,1,4,1,4,1,3,2,1,2,2,3,2,2,1,3,4,3,3,4,3,4,2,3,4,4,3,4,4,3,2,4,4,3,2,3,2,3,4,4,4,1,2,3,2,3,2,3,2,1
138,5a9923a389de8200013efafc,40,2,1,1,2,2,5,3,1,5,1,5,1,1,1,1,3,1,1,1,3,4,4,2,4,5,5,1,2,5,5,3,4,5,2,1,4,5,2,2,1,1,4,4,5,4,1,1,4,1,1,1,2,2,3
139,5c3eca7b4fcf270001f154c2,40,2,1,1,2,8,1,6,2,5,1,4,2,2,1,1,2,2,2,1,4,4,2,3,3,4,4,2,2,4,4,2,4,4,2,2,4,4,2,2,2,1,2,4,4,4,2,2,2,2,2,2,3,3,1
140,57276fb1e386b900093e757c,30,2,2,1,2,3,3,1,2,4,1,4,1,2,1,1,1,1,2,1,2,5,4,2,4,4,4,2,2,2,4,2,4,2,2,4,2,4,2,2,1,1,1,4,4,2,2,2,2,2,2,2,4,2,1
141,5b9e17a7d78ae9000175d219,33,2,1,1,2,3,5,1,1,4,1,3,1,1,1,1,1,1,1,1,2,4,3,3,2,4,3,2,2,2,4,2,3,2,2,2,2,3,2,4,2,3,3,3,3,3,3,2,3,3,2,2,3,2,1
142,5a0ca905844c7a00015e4ffd,38,2,1,1,2,7,2,5,2,4,1,3,1,1,1,1,3,1,1,1,2,1,2,3,5,3,3,1,1,3,5,3,3,3,2,1,3,5,1,1,1,1,3,3,5,3,1,1,2,1,1,2,2,1,1
143,5c1aa8e07884ff0001319dfc,50,2,1,1,2,2,1,2,4,5,3,3,4,2,3,3,2,2,3,3,2,3,3,3,3,4,4,4,3,3,4,3,3,3,2,3,2,3,2,4,3,4,3,4,3,4,3,4,3,2,4,4,4,3,1
144,55747e4afdf99b6752df4183,39,2,1,1,2,5,7,3,2,5,2,3,2,2,2,2,4,1,1,1,3,5,4,2,4,3,4,1,3,4,5,2,3,4,2,2,4,4,3,2,1,2,5,3,5,4,2,2,3,2,2,2,2,3,1
145,59c10c3f3ed6380001598c4a,39,2,1,1,1,1,2,1,1,5,1,4,1,1,1,1,3,1,1,1,2,1,4,3,4,4,4,3,1,4,5,2,4,4,2,1,1,4,3,3,1,1,2,3,4,3,1,1,3,2,3,1,5,3,1
146,5b9aed646a11180001a8082e,36,2,1,1,2,5,2,6,1,5,1,2,2,1,1,1,2,1,2,1,3,4,2,3,3,3,4,2,2,3,5,2,3,4,3,2,2,3,1,2,2,2,2,3,4,3,2,2,2,2,2,1,2,2,1
147,59f83b49482ebe00016c16d2,34,2,1,1,2,1,2,1,1,5,1,1,1,1,1,1,1,1,1,1,2,2,5,1,1,1,1,1,1,1,1,1,1,1,1,1,1,1,1,1,1,1,1,1,1,1,1,1,1,1,1,1,1,1,1
148, 5bc3585682a5130001bc642d,34,1,1,1,2,7,2,5,1,5,1,4,3,1,1,1,2,1,2,1,3,5,4,3,4,5,5,3,1,4,5,3,5,4,1,1,4,5,2,1,1,1,4,4,5,5,1,1,5,2,1,1,1,2,1
149,5be2ef2206c23800019f4731,29,2,1,5,2,6,2,1,,,,,,,,,,,,,,,,,,,,,,,,,,,,,,,,,,,,,,,,,,,,,,,
150,599d8d6289de5b000111903a,62,2,1,1,2,10,3,3,2,4,1,4,2,2,2,2,4,1,2,1,4,5,4,4,4,4,4,2,1,4,5,3,4,4,4,1,4,5,2,2,2,2,5,4,5,4,2,2,4,4,2,2,3,2,1
151,5a0d8077f2e3460001edb910,39,2,3,2,1,8,3,3,2,5,2,3,2,2,3,1,2,2,2,3,4,3,4,3,4,2,4,2,2,3,4,2,3,4,3,2,4,4,2,3,1,1,5,4,4,4,3,2,4,2,2,2,4,3,1
152,5bf427774ca78f0001ddded4,27,2,3,1,1,6,3,3,1,5,1,5,1,1,1,1,5,1,1,1,4,5,3,1,5,4,3,1,1,4,5,4,5,4,2,1,4,5,1,1,1,1,5,4,5,4,1,1,4,1,1,1,1,1,3
153,58b99fcaf814e400015249bc,23,1,1,1,1,8,4,6,3,5,1,4,2,2,2,1,2,1,1,1,2,5,4,3,2,4,2,1,4,1,5,1,4,2,2,2,2,3,2,3,3,1,1,2,4,1,3,1,2,4,2,2,4,2,1
154,5ba14a64c098f500015c80a1,31,2,1,1,2,9,3,1,2,5,2,4,2,3,1,1,4,2,3,1,3,4,3,3,4,4,3,2,2,3,5,3,4,3,3,1,3,4,1,2,1,1,3,4,4,3,1,1,3,2,2,2,1,2,1
155,5bdf5be9675b59000199eb1a,29,2,1,1,2,7,4,1,1,4,2,3,3,1,3,1,1,1,1,1,3,1,3,1,3,3,3,1,1,3,3,2,2,3,3,2,2,3,1,1,1,3,3,3,1,3,4,4,3,3,4,4,3,3,1
156,5bec3ac3f77c5a0001239b66,30,2,1,1,2,11,2,1,1,5,2,4,1,1,4,4,1,1,1,1,5,5,5,1,4,5,5,2,5,1,5,1,1,1,1,1,1,2,2,4,1,4,5,5,5,5,3,2,3,5,2,2,2,2,3
157,593dad6c724fc90001bf1535,44,2,1,1,2,5,2,3,1,5,1,4,1,1,1,1,3,1,2,1,3,4,4,3,4,4,4,2,2,3,5,2,4,4,4,1,4,4,2,1,1,1,5,4,4,4,1,1,3,1,2,1,3,2,1
158,5c0f95c1a166d70001388beb,45,2,1,3,3,7,2,4,2,5,1,4,2,2,1,1,3,1,2,1,2,4,3,3,4,4,4,2,1,3,5,3,5,3,3,1,3,4,1,1,1,1,4,4,4,4,2,2,4,1,1,1,1,4,3
159,5c3d379a1752200001dece72,39,2,1,1,2,7,2,1,3,5,3,2,2,3,3,3,3,2,2,3,3,4,3,2,4,2,3,2,2,3,5,3,2,3,3,2,3,3,2,3,2,2,3,3,3,3,3,3,3,3,3,3,3,2,1
160,5c3f00d036052e00016b9105,23,2,1,1,2,4,2,3,2,5,1,2,4,2,2,2,2,2,4,2,2,4,3,3,4,4,2,3,2,2,5,2,3,2,1,1,2,5,1,4,2,2,2,2,4,2,2,2,1,2,2,1,2,3,1
161,5a0b517ba383a100011b4d8b,20,2,3,1,1,7,4,4,2,5,1,5,2,2,1,2,2,1,2,2,3,4,4,3,3,4,4,2,2,2,4,2,4,2,3,2,2,4,2,2,2,2,3,4,4,4,2,2,3,2,2,1,1,2,1
162,5c2e0e0b8a20f50001e9fba0,41,2,1,1,1,3,2,5,3,5,1,4,2,1,1,1,3,2,2,1,3,1,4,3,1,4,4,3,2,4,4,3,4,4,4,1,4,4,1,1,1,1,4,4,5,4,1,1,3,1,2,1,1,1,2
163,5a4e7fd687c6f80001cadd32,36,2,1,1,3,5,4,1,3,3,3,3,3,3,3,3,3,3,3,3,3,3,3,3,3,3,3,3,3,3,3,3,3,3,3,3,3,3,3,3,3,3,3,3,3,3,3,3,3,3,3,3,3,3,1
164,5c3dfef13885c10001e226e9,37,2,1,1,1,8,1,4,2,5,1,4,2,2,1,1,3,1,1,2,4,4,4,3,4,4,4,2,2,4,5,3,4,4,3,2,4,4,2,2,1,1,3,4,4,4,1,2,3,2,1,1,2,2,1
165,582ecbacc2e1310001685463,36,2,1,1,1,7,3,3,2,5,1,5,1,1,1,1,3,1,1,1,3,5,5,3,5,4,4,2,2,5,5,3,4,4,4,1,4,4,1,1,2,1,4,4,5,4,1,2,4,1,2,1,3,2,3
166,5c1374d8e32f86000165c217,31,2,1,1,2,3,7,1,4,5,3,2,1,1,3,3,1,3,3,1,3,5,2,3,5,2,3,4,4,2,1,3,3,3,2,2,2,3,2,4,3,3,3,2,2,3,4,4,3,4,4,3,2,2,1
167,59fb34717086f80001941a8c,38,1,1,1,1,2,5,3,2,5,2,3,2,2,2,2,3,3,2,2,3,4,2,3,2,2,4,2,2,4,4,3,3,4,2,2,4,4,2,2,2,2,4,4,4,4,2,2,3,2,2,2,4,3,1
168,5c3e4e429f51ff00017c00d5,22,2,1,1,2,10,1,5,3,4,2,3,4,2,1,4,1,2,4,2,4,4,2,4,4,1,4,3,2,5,4,2,4,5,2,2,5,2,3,1,1,2,4,4,4,4,2,2,1,2,4,2,2,4,1
169,59e6fbf72f63d30001c8fa27,31,2,1,1,1,7,3,5,1,5,2,3,5,1,1,1,2,1,2,2,3,5,4,3,3,4,4,2,2,4,5,2,4,4,3,1,4,5,1,2,1,4,4,4,4,4,1,2,2,2,4,1,1,3,1
170,5a7606daeea3d300016ddeec,38,1,1,1,2,4,2,6,3,4,2,4,3,3,4,4,2,2,3,2,3,4,4,3,3,4,4,3,3,3,3,3,4,3,3,3,3,3,2,3,3,2,4,4,4,4,3,3,2,3,3,3,4,4,1
171,59ecb79616ecc200016ff967,23,2,4,1,1,7,2,1,1,5,1,4,2,1,1,1,2,1,2,1,1,5,5,3,3,4,4,1,2,3,5,2,3,2,1,2,2,5,2,1,1,1,4,4,5,3,1,1,2,1,2,1,1,2,3
172,5bbc817cba8d7d000194c323,22,2,3,1,1,4,7,3,2,5,1,5,2,1,1,1,3,1,1,1,3,5,3,3,2,5,4,2,2,4,5,3,4,4,3,1,4,4,1,2,1,2,3,4,4,4,2,1,3,1,1,1,1,1,1
173,5c3e46959a20cc00011201d5,25,2,1,1,1,7,2,4,1,5,2,4,2,2,3,3,2,2,2,3,2,4,4,3,4,4,4,2,4,4,5,2,4,3,2,2,3,4,1,3,1,1,4,4,4,3,3,2,4,2,2,1,1,2,1
174,5b2bbbc85e88260001f920c4,31,1,1,1,1,1,5,3,3,5,1,3,2,3,2,2,3,2,2,2,3,4,3,3,4,3,3,3,2,3,5,3,3,3,3,2,3,5,3,3,3,2,3,3,5,3,2,3,3,2,3,2,2,3,1
175,59f4844cbe9c0c0001486960,35,2,1,1,2,7,2,4,3,5,1,3,1,1,1,1,3,1,1,1,5,5,3,3,4,3,5,1,5,5,5,3,4,5,4,1,5,5,1,1,1,1,5,5,5,5,1,1,3,1,1,1,5,1,3
176,595a962284f571000111c041,34,2,4,1,8,5,5,2,1,5,1,2,1,1,1,1,4,1,1,1,4,5,4,3,4,3,4,1,2,5,5,4,2,5,4,1,4,5,1,1,1,1,4,4,5,5,1,1,3,1,1,1,2,2,1
177,5c33bb15bb7226000180c30f,47,2,1,1,1,8,4,1,2,5,1,4,2,2,2,2,3,1,2,1,3,1,4,3,4,4,3,2,2,3,4,2,4,3,2,1,3,4,2,2,1,1,4,4,4,3,1,2,4,2,2,2,1,3,1
178,5b653f0e3662a8000158b83b,29,2,1,1,1,9,3,5,3,5,1,4,2,2,2,2,3,2,2,2,3,4,3,3,3,4,3,3,3,3,5,2,4,3,3,2,3,3,2,3,1,2,3,3,3,3,2,2,3,2,2,2,3,3,2
179,5c2ce0881861d3,51,2,1,1,1,6,3,4,1,5,1,2,1,1,1,1,2,1,1,1,4,5,3,3,4,3,4,1,1,2,5,1,3,3,2,1,3,4,2,2,2,2,3,4,5,4,2,2,2,2,2,2,2,3,1
180,5c3e4d991ad96800011757a2,27,2,1,1,2,3,4,1,2,5,1,4,2,2,2,2,2,1,2,2,2,4,3,2,4,4,4,2,2,4,5,2,4,3,2,2,3,5,1,2,1,1,3,4,5,3,1,1,3,2,2,1,2,2,1
181,5b9ad6150bacb700017a7836,33,2,1,1,1,10,2,1,2,4,1,4,2,2,1,1,3,1,1,1,3,4,3,3,3,4,3,2,2,4,4,3,4,4,3,2,4,4,3,2,2,2,3,3,4,3,2,3,3,1,2,1,4,2,1
182,5942d73df8bfc00001985c3c,32,2,1,1,1,10,2,3,2,5,1,3,2,2,1,2,3,1,2,1,2,4,2,1,3,4,3,3,2,4,5,2,3,4,3,3,3,4,2,4,1,2,2,3,4,3,2,2,2,2,2,2,3,3,1
183,56cf595331a5bc000be1c8c9,62,2,1,1,2,1,3,4,3,5,2,3,2,3,3,2,3,2,3,1,4,5,3,2,3,4,4,3,1,3,4,2,4,3,3,3,3,4,3,3,3,3,3,3,4,4,3,3,3,3,3,3,4,3,1
184,5bf69d31db80b20001783d90,31,1,1,1,1,1,3,7,2,4,1,4,3,4,2,2,4,2,3,1,4,5,4,3,2,4,4,2,3,3,5,3,4,3,2,2,4,4,1,4,1,2,5,4,4,4,2,4,4,2,3,2,3,3,1
185,5ad8a76b4efee10001f536ad,39,2,1,1,1,5,2,1,2,4,2,3,2,3,2,2,2,2,3,4,2,4,4,2,4,3,3,2,3,3,3,2,3,2,2,3,2,3,2,2,2,2,2,3,3,3,4,2,3,3,2,2,2,2,1
186,5ba8c4c9705f03000114b867,19,2,1,1,1,7,7,1,2,3,2,3,3,2,1,1,1,1,1,1,1,2,1,2,1,2,1,2,1,2,1,2,1,2,1,2,1,2,1,2,1,2,1,2,1,2,1,2,1,2,1,2,1,1,3
187,572e0682bb6cca000e53dfa2,50,1,1,1,2,7,7,4,4,5,1,4,1,2,1,1,1,1,1,1,4,5,3,2,4,4,5,1,2,5,5,2,4,5,2,1,5,5,2,2,1,1,3,5,5,5,1,2,4,1,2,2,1,3,1
188,58b5525eb1dcb40001960ad2,33,2,1,1,1,8,2,1,2,4,1,3,2,2,2,2,3,2,2,2,3,4,4,3,4,4,3,3,2,3,4,2,4,3,3,2,3,4,3,3,2,2,3,3,4,3,3,3,4,3,3,2,3,3,1
189,5a60d54e63394a0001552889,42,2,1,1,2,6,3,3,2,5,2,4,3,3,2,2,2,3,2,2,2,4,2,3,2,3,3,4,3,2,4,2,1,2,1,2,2,2,1,3,3,2,3,4,3,3,3,2,2,4,3,2,4,2,1
190,5788e1834a84da00014c4199,32,2,1,1,1,2,3,2,2,5,1,4,2,2,1,1,4,1,1,1,3,5,3,2,5,4,3,1,1,3,5,2,4,3,2,1,3,5,1,1,1,1,2,3,5,3,1,1,3,1,1,1,2,1,1
191,5b1d4fe22767e20001e5244c,28,2,1,1,1,1,5,1,2,4,2,4,2,2,2,2,2,2,2,2,3,4,4,2,3,4,3,4,4,4,4,3,4,4,2,2,3,4,2,4,2,2,2,4,4,2,2,2,3,2,2,2,4,2,3
192,5c2fb495ed47b500014de752,46,1,2,1,1,7,2,4,2,4,1,4,2,2,2,2,4,1,1,4,4,5,3,3,4,4,4,1,1,4,4,3,4,4,3,2,4,4,3,2,2,1,4,4,5,4,2,1,3,2,2,2,1,2,1
193,5b2022a2642da10001301ce2,34,2,1,1,2,1,3,3,2,5,1,4,2,2,1,1,3,1,2,1,3,5,4,3,4,4,4,1,2,4,4,3,4,4,2,2,4,4,1,1,1,1,3,4,4,4,1,1,4,1,1,1,1,2,1
194,59e5244416ecc200016fefc5,35,2,1,1,2,8,4,4,2,4,1,4,3,2,1,1,2,1,1,1,2,4,4,3,4,3,3,3,2,3,5,2,4,3,2,1,3,4,2,2,1,1,3,4,5,3,1,1,2,2,2,2,1,2,3
195,5aeb148b9bcf1e0001439d84,30,1,1,1,1,10,2,3,1,5,1,2,1,1,1,1,3,1,1,1,2,5,2,2,4,2,3,1,1,2,4,2,2,2,2,2,2,4,1,1,1,1,2,3,4,3,1,1,2,1,1,1,1,1,1
196,58db6e4182b20f0001b9b745,51,2,1,1,2,7,1,6,2,5,1,4,1,1,1,1,2,1,1,1,3,5,4,3,4,1,4,1,2,4,5,3,4,4,1,1,4,4,3,2,1,1,1,5,5,4,1,1,4,1,1,1,1,1,1
197,57404490d700ea000ef44990,45,2,2,1,1,3,3,5,2,4,1,3,2,2,1,1,3,1,2,1,3,5,3,3,4,3,3,2,3,3,4,3,3,3,3,2,3,4,2,2,2,2,3,3,4,3,2,2,3,2,2,2,4,3,1
198,5643396f942576001166ef40,41,2,3,1,1,7,3,4,2,5,1,4,2,2,1,1,4,1,2,1,4,5,3,3,2,4,4,2,1,4,5,4,4,4,4,1,4,5,1,3,1,1,4,4,5,4,2,2,4,2,3,2,1,2,1
199,5729c122685bec000dfa1fba,34,2,1,1,1,2,2,5,1,5,1,4,1,1,1,1,3,1,1,1,4,5,3,3,4,4,5,1,1,5,5,3,4,5,4,1,5,5,1,1,1,1,4,4,5,5,1,1,4,1,1,1,1,2,1
200,5c3ef041de04ad0001d91601,47,1,1,3,5,7,2,5,2,5,1,4,2,2,3,2,4,2,2,2,2,4,4,3,4,4,4,2,5,3,4,3,5,2,2,2,2,4,3,2,1,1,4,4,5,4,2,2,3,2,2,2,4,1,2
201,5afaec38bba9690001d82aee,24,2,1,1,1,6,3,5,2,3,1,2,2,2,2,2,3,2,2,1,2,4,4,4,3,4,4,3,4,3,4,2,3,3,3,2,3,4,2,2,2,2,3,3,2,4,3,2,2,2,2,2,4,3,1
202,5bfd809f7f2f5500012c0bcd,34,2,1,1,1,2,1,1,2,5,2,3,2,2,2,2,3,2,2,2,3,4,3,3,3,4,4,2,2,4,4,3,4,4,3,2,4,4,2,2,2,2,3,4,4,4,2,2,3,2,2,2,4,2,1
203,5974b3bbe5c059000196dccf,28,2,1,1,1,10,4,1,2,4,1,3,1,2,1,1,3,1,1,1,4,5,3,2,4,4,4,2,1,4,4,3,4,4,3,1,4,4,2,3,2,2,4,4,4,4,1,2,3,2,2,1,4,3,3
204,5c3ef0b3fca00700019311fd,51,2,1,1,1,10,2,4,2,5,1,3,2,1,1,1,2,2,2,1,4,5,2,3,5,4,4,2,1,4,5,2,4,2,2,1,4,5,3,1,1,1,3,4,5,3,1,1,2,1,1,1,1,1,1
205,5b6b7a3d281e4600019b3786,43,2,1,1,1,6,7,6,2,5,1,4,2,2,2,2,1,1,1,5,3,5,3,3,4,4,3,2,4,4,5,1,4,1,1,1,1,4,2,1,1,2,2,3,4,4,1,1,1,1,1,1,5,1,1
206,5bffdbd785c391000156fc67,39,1,1,1,1,2,1,6,3,3,3,3,4,4,4,4,2,3,4,4,2,2,2,2,2,2,2,4,2,2,3,2,3,2,2,3,2,2,4,4,3,4,2,2,2,2,4,4,3,4,4,3,4,4,1
207,5bc5c9c6ee6eb000013e5f0f,26,2,1,1,1,7,7,4,2,4,1,3,2,2,2,1,3,1,2,2,3,4,3,2,4,4,4,1,3,4,4,3,3,4,2,2,3,4,1,2,1,1,4,5,3,4,2,1,3,2,2,1,2,3,1
208,5baea3a3b8cbf600017a7727,44,2,1,1,1,7,5,1,3,5,1,3,2,2,2,2,3,1,2,1,3,5,2,3,4,3,3,5,5,5,5,3,2,4,2,2,3,4,2,4,1,1,3,4,4,4,2,2,3,2,3,1,5,2,1
209,596f60a4a45ae20001dc7e2e,39,1,1,1,8,4,2,6,2,4,2,3,3,4,2,2,2,2,3,2,3,4,4,2,2,2,4,4,2,4,4,2,2,4,2,2,4,2,3,4,2,2,2,4,2,3,2,3,2,2,3,2,4,2,1
210,59529437b2e8430001ea46b1,37,2,1,1,1,8,3,5,2,4,3,3,2,3,3,3,2,2,3,2,3,4,3,3,2,3,3,3,3,2,4,2,3,2,2,2,2,2,2,4,2,2,2,3,3,4,3,3,2,3,3,2,3,3,1
211,5bab7939654a630001b40bba,35,2,1,1,1,1,5,1,1,5,1,3,1,1,1,1,1,1,1,1,2,1,3,3,3,4,5,1,1,4,5,2,2,4,3,1,4,5,1,1,1,1,4,4,5,5,1,1,1,1,1,1,1,2,1
212,5c3e374c52f38e0001332876,27,2,1,1,1,5,5,4,1,5,1,3,1,1,1,1,3,1,1,1,3,5,3,3,5,3,5,1,3,5,5,3,3,5,2,1,5,5,1,1,1,1,4,5,4,5,1,1,3,1,1,1,5,2,3
213,5c3e9912a301700001b71a35,21,1,1,1,1,2,7,7,4,2,2,3,5,4,5,3,1,5,5,2,1,4,2,3,1,2,2,5,2,2,2,2,4,1,3,2,3,3,3,3,5,4,3,3,2,4,2,4,2,2,4,3,3,3,1
214,5c3e3905c061930001b5e89d,52,1,1,1,2,7,2,5,3,4,3,3,3,3,4,4,2,3,4,4,2,2,2,3,2,2,2,4,2,2,3,2,2,2,2,3,2,2,3,3,3,3,2,2,3,2,3,3,3,2,2,3,2,3,2
215,5c3f0132fca0070001931569,40,2,1,1,1,7,2,3,1,5,1,4,1,1,1,1,4,1,1,1,4,5,4,2,5,4,5,1,1,4,5,4,4,4,1,1,4,5,1,1,1,1,3,4,5,4,1,1,3,2,1,1,1,2,1
216,5c3dc042d932870001c16f8f,54,2,1,1,1,7,2,3,2,5,1,4,2,2,2,2,4,2,2,2,2,4,4,4,4,2,2,2,2,4,5,2,4,4,4,2,2,4,2,2,1,1,4,4,4,2,1,2,3,1,2,1,4,1,1
217,5aec16b34a52e5000167c6b5,23,1,1,3,3,2,2,5,3,5,2,3,4,2,2,2,3,2,2,2,4,4,4,3,4,5,5,2,3,4,4,4,4,4,4,2,4,3,2,2,3,1,4,4,4,4,2,2,4,2,3,2,2,3,1
218,5c3f0b7ca98c4c000111fee2,52,1,1,1,1,7,2,4,2,4,2,4,2,2,1,1,2,2,2,1,4,4,4,3,4,4,4,3,2,4,4,2,4,4,2,2,4,5,4,2,2,2,2,4,4,4,2,2,4,2,2,2,2,1,1
219,5bdb06b690b72a00013f5ed8,35,2,1,4,1,7,7,3,1,5,1,2,2,1,1,1,2,2,2,1,3,4,3,3,4,4,4,1,1,5,5,2,3,5,1,1,5,3,1,1,1,1,5,4,5,5,1,1,3,1,1,1,1,1,3
220,5c2d37b6e774310001a23eed,43,1,1,1,2,3,1,5,4,4,2,1,2,2,2,2,2,1,2,2,2,4,1,3,3,2,4,3,1,2,4,2,1,2,2,2,3,2,3,3,2,2,3,4,2,3,2,3,3,2,3,2,2,3,3
221,5c3d836c1580e90001229dc1,38,2,1,1,2,6,2,5,2,5,1,4,1,3,1,1,2,1,1,1,3,4,1,3,3,5,4,2,1,4,5,3,3,4,3,1,4,4,1,2,1,1,3,4,5,5,2,1,3,1,1,1,1,1,1
222,5c31fdbafe0b5000012474e5,50,2,1,1,1,1,5,3,3,5,3,1,5,5,3,3,3,3,5,3,1,3,1,5,3,1,1,5,1,1,5,1,1,1,1,3,4,3,4,5,1,3,1,1,3,1,5,5,4,5,5,3,3,4,1
223,5c3cf6718732a60001f860dc,35,2,1,1,1,6,2,3,2,5,1,5,1,2,1,1,3,1,1,1,2,5,3,3,4,5,4,1,2,4,5,3,4,4,3,2,3,5,2,1,1,3,3,3,3,3,1,1,3,2,2,3,3,2,1
224,5c3dd9b1c2d0b700017ca086,41,2,1,1,1,7,1,4,2,5,1,3,2,2,1,1,3,1,2,1,2,1,4,3,4,4,4,2,2,4,5,3,4,3,3,1,4,4,1,1,1,1,4,4,4,4,1,1,3,1,1,1,1,2,3
225,5be018521142ce000192472b,27,2,1,1,2,5,3,3,2,5,1,4,2,1,1,1,3,1,2,1,4,4,4,2,4,4,4,1,2,5,5,2,4,4,2,1,2,4,1,2,1,2,4,4,5,4,1,2,3,2,2,1,2,1,1
226,5c3d9334337ac90001a4d6cf,35,2,1,1,2,7,2,4,1,5,1,4,1,1,1,1,1,1,1,1,3,5,4,3,4,4,4,1,1,4,5,3,4,4,3,1,4,5,1,1,1,1,3,3,4,4,1,1,4,1,1,1,1,1,1
227,5c3f05c38cb6f5000180a84e,23,2,1,3,3,4,2,1,3,5,5,3,3,1,1,1,3,1,3,1,3,5,4,3,5,3,1,2,5,5,4,3,3,5,3,1,5,4,1,1,1,1,4,4,5,5,1,1,3,2,1,1,1,1,3