sona,age,Q11_1,Q11_2,Q11_3,Q11_4,Q11_5,Q11_6,Q11_7,Q11_8,Q11_9,Q11_10,Q11_11,Q11_12,Q11_13,Q11_14,Q11_15,Q11_16,Q11_17,Q11_18,Q11_19,Q11_20,Q11_21,Q11_22,Q11_23,Q11_24,Q11_25,Q11_26,Q11_27,Q11_28,Q11_29,Q11_30,Q11_31,Q11_32,Q11_33,Q11_34,Q11_35,Q11_36,Q11_37,Q11_38,Q11_39,Q11_40,Q11_41,Q11_42,Q11_43,Q11_44,Q11_45,Q11_46
20699,39,3,4,3,4,5,3,4,4,2,4,4,4,2,2,2,3,2,4,4,3,3,4,4,1,2,4,1,3,4,4,3,3,1,1,2,3,4,3,4,3,1,3,3,1,1,3
20828,19,1,5,1,4,2,1,1,1,3,1,1,1,4,5,4,2,3,4,4,1,2,4,5,4,4,4,3,1,4,5,1,1,1,1,4,4,5,4,1,1,4,1,1,1,3,1
20854,19,1,5,1,3,1,1,1,1,3,1,1,1,3,5,3,4,4,3,4,1,2,3,5,3,3,3,3,1,3,4,1,1,2,1,3,3,4,3,1,1,3,1,1,1,1,1
20699,39,3,5,2,3,4,3,3,3,1,3,3,3,2,3,2,3,3,2,4,4,3,3,5,3,3,4,3,2,3,3,3,3,1,1,2,3,3,3,3,3,3,3,2,3,2,3
20728,19,2,5,1,2,1,2,2,1,2,1,2,2,2,4,4,2,4,3,4,2,2,3,4,2,4,2,2,1,4,4,2,2,1,2,4,4,4,4,2,2,4,2,1,1,4,2
21585,19,2,5,1,3,2,2,1,1,1,2,3,2,2,4,4,3,3,1,2,3,2,3,5,2,3,2,2,2,3,4,1,2,1,1,2,3,4,2,2,2,2,1,3,1,1,1
20736,20,1,5,1,4,3,2,2,2,2,1,2,2,3,4,2,3,4,4,4,2,2,4,4,2,2,4,2,2,4,4,1,2,2,2,3,4,4,4,2,2,3,2,2,1,3,3
17171,24,1,5,1,4,1,1,1,1,4,1,1,1,3,5,4,3,3,4,5,1,5,5,5,4,4,5,4,2,5,5,1,2,2,1,4,5,4,4,2,1,4,1,1,1,3,3
21485,18,1,5,1,2,2,1,1,1,2,1,1,1,3,5,4,3,4,4,4,2,2,4,4,2,3,3,2,1,4,4,2,2,1,2,4,4,4,3,1,1,2,2,2,2,4,2
20829,20,1,5,1,2,2,2,1,1,3,1,1,1,2,1,3,2,3,3,4,2,4,3,5,3,3,3,1,1,2,4,2,2,1,1,4,4,4,4,1,1,3,2,2,1,1,2
20909,53,2,5,1,3,2,2,2,1,4,1,2,3,3,4,2,3,3,4,4,3,3,4,4,3,4,3,3,2,3,4,2,2,1,1,3,3,4,3,2,2,3,2,2,1,4,3
20712,21,1,4,1,2,1,1,2,1,3,1,1,1,2,5,4,2,4,4,5,2,4,4,5,1,4,2,2,1,2,4,1,2,1,1,4,4,4,4,4,2,4,2,2,1,3,3
20894,20,1,5,2,4,1,1,1,1,3,1,2,1,2,5,3,3,4,4,4,2,2,5,5,3,4,5,2,1,4,4,1,1,3,1,2,4,4,4,1,1,3,1,1,2,2,2
21386,20,1,4,1,3,4,1,2,2,3,2,3,2,3,4,2,2,3,3,3,2,4,3,4,3,3,3,2,2,3,3,1,2,4,2,3,3,3,2,2,2,3,2,3,2,2,2
20743,21,3,4,2,4,2,1,2,2,3,2,2,2,4,5,3,2,4,4,5,2,2,4,4,2,4,4,3,2,5,4,3,2,2,2,3,3,4,4,2,2,3,2,2,2,2,2
20714,19,2,5,1,3,1,2,1,1,2,1,1,1,2,1,1,2,4,4,3,2,2,3,4,3,4,4,1,1,5,4,1,2,1,1,2,4,5,4,1,2,5,1,2,1,1,2
20865,19,1,5,1,3,2,1,1,1,3,2,2,1,3,4,3,3,4,4,4,1,3,4,5,3,4,4,3,1,4,4,1,1,2,1,3,3,4,4,1,1,3,1,2,1,3,1
20855,19,2,4,2,3,2,2,3,3,2,1,2,1,1,4,3,3,4,3,4,2,2,2,4,3,3,3,3,2,3,3,1,2,1,2,4,3,3,1,2,2,3,1,2,1,2,2
20618,46,1,5,1,3,2,2,1,1,4,2,2,2,2,4,2,3,4,3,4,3,2,4,5,3,3,4,2,2,4,4,2,2,1,2,3,5,4,4,2,2,4,2,2,2,4,3
20837,20,2,4,2,3,4,1,1,1,4,1,1,1,2,1,2,1,1,1,4,2,3,3,3,3,3,3,2,3,3,2,1,1,2,2,1,2,2,2,2,2,1,1,2,2,2,2
20839,19,2,5,3,4,2,3,1,1,1,3,3,1,1,4,3,2,4,4,4,4,2,4,4,3,4,4,3,2,4,4,2,3,2,4,4,4,5,3,2,3,3,2,3,2,2,3
21415,18,1,5,5,4,2,1,1,1,3,1,2,1,4,5,4,2,5,5,5,1,2,4,5,3,5,4,2,1,4,4,2,3,1,2,2,4,4,4,1,1,4,1,5,1,1,3
21416,19,1,4,1,3,2,1,1,1,3,1,2,1,3,4,3,3,3,4,4,2,3,3,4,3,4,3,3,2,3,4,1,2,1,1,3,3,4,3,1,1,2,2,2,1,3,2
20808,21,2,5,1,3,2,2,1,1,2,1,2,1,2,5,3,3,4,5,4,4,2,2,4,2,4,2,2,1,2,4,1,2,4,1,3,4,4,3,1,1,2,1,1,1,1,4
21429,22,1,5,1,3,1,1,1,1,4,1,1,1,4,4,3,3,4,3,4,1,1,4,4,3,4,4,4,1,4,4,1,1,2,1,4,4,4,4,1,1,4,2,1,1,4,3
20872,19,2,4,1,4,2,2,1,1,2,1,2,1,2,5,3,3,4,4,2,3,2,2,5,2,4,2,2,2,2,3,2,4,2,1,2,2,4,2,2,2,2,2,3,2,2,2
20621,19,2,5,1,2,3,2,1,1,3,1,1,1,3,5,2,3,3,4,4,2,2,4,3,3,4,4,4,1,4,4,2,1,2,2,4,4,5,4,1,1,4,1,2,2,4,2
20859,31,1,4,1,3,1,1,1,1,3,1,1,1,3,5,4,2,5,3,5,2,3,5,5,1,3,5,3,1,5,5,1,1,1,1,3,5,5,5,1,1,4,1,1,1,1,2
21456,18,1,4,1,3,1,2,1,1,2,2,1,1,2,1,3,2,4,4,4,2,2,4,5,2,3,3,2,1,4,4,2,1,2,1,3,2,4,4,1,1,2,1,1,1,2,3
20867,20,3,5,1,2,1,1,1,2,2,2,1,4,5,2,2,3,5,2,4,4,4,5,5,3,2,5,5,3,5,5,2,1,2,1,5,5,5,5,1,1,5,3,2,1,3,2
20619,20,1,5,1,4,1,1,1,1,3,1,1,1,1,3,3,3,4,3,2,3,2,3,4,3,4,3,3,1,3,4,3,1,4,1,4,3,4,2,1,1,2,3,2,1,3,3
20797,19,1,5,1,2,1,1,2,1,4,1,1,1,2,5,3,4,3,4,4,2,2,2,4,3,4,2,2,2,3,4,1,2,1,2,3,3,3,4,2,2,3,3,2,2,2,2
20838,22,2,4,1,3,3,2,1,1,2,1,2,1,4,4,2,3,3,3,4,2,2,3,4,3,3,3,2,2,3,4,2,2,1,2,4,3,4,3,1,2,3,2,2,1,1,2
21629,18,2,4,1,4,1,2,1,1,3,1,2,1,3,1,3,4,4,3,4,2,4,3,4,3,3,4,3,2,4,5,2,2,2,2,4,4,4,4,2,2,4,2,2,1,2,2
20896,19,2,5,2,4,3,2,2,2,3,1,1,1,3,4,3,2,3,3,3,2,2,3,4,2,3,3,1,2,3,3,2,2,1,1,3,2,3,3,2,2,3,2,2,2,1,2
20816,20,2,5,1,1,1,1,1,1,4,1,2,1,4,4,2,2,4,4,4,4,4,4,4,4,4,4,4,1,4,2,1,1,2,1,1,4,4,4,4,2,2,3,3,3,2,4
20784,19,1,4,1,2,3,1,1,1,3,1,1,1,4,5,4,4,4,4,4,2,2,4,4,3,4,4,3,1,4,4,2,3,2,4,4,4,4,4,2,2,3,3,3,2,2,2
,20,4,4,2,3,4,4,2,2,1,2,4,2,2,4,3,3,4,3,2,4,4,3,4,1,3,2,2,2,2,4,2,4,2,2,3,2,4,2,2,4,4,3,4,2,3,3
20821,20,2,4,1,3,2,2,1,1,3,1,2,1,2,4,4,2,2,4,4,3,2,3,3,2,4,3,2,2,3,4,2,2,2,1,3,4,5,4,2,2,3,2,2,2,2,3
21479,22,1,4,1,2,1,2,2,1,3,2,1,1,3,4,4,2,4,2,4,2,2,3,4,3,2,4,3,1,3,5,1,2,1,1,5,4,4,4,1,1,2,1,1,1,1,1
21436,18,2,5,1,5,1,1,1,1,2,1,1,1,2,5,3,3,3,5,4,1,2,3,5,1,5,3,3,2,5,4,1,2,1,5,4,5,5,3,1,2,3,1,2,1,1,2
21603,18,1,5,1,4,2,1,1,1,3,1,2,1,3,5,3,4,4,4,4,1,2,4,4,3,4,4,3,1,4,5,1,1,1,1,4,4,4,4,1,1,4,1,1,1,1,2
21635,20,1,5,1,3,2,1,1,1,2,1,2,1,3,5,4,4,3,4,5,1,1,5,5,3,3,5,3,1,5,5,1,1,1,1,4,4,5,5,1,1,3,1,1,1,1,1
20723,19,1,5,1,2,1,1,1,1,3,1,1,1,4,4,4,2,5,3,4,2,1,4,5,1,3,4,3,1,4,5,1,1,1,1,4,4,5,5,1,1,2,1,1,1,1,1
21450,19,1,5,1,4,1,1,1,1,2,3,3,1,2,5,4,3,3,4,4,2,2,4,4,2,4,2,2,3,4,5,2,1,1,5,4,4,5,4,2,1,4,1,1,1,5,1
20705,30,2,5,1,4,1,1,1,1,2,1,1,1,5,5,4,2,5,2,4,2,2,5,5,2,4,5,4,1,5,5,1,2,2,1,4,5,5,4,1,1,4,4,1,1,2,2
21401,18,3,4,2,5,3,1,1,1,3,1,3,1,3,5,4,2,3,4,4,1,4,4,5,3,4,4,2,2,4,4,2,1,2,2,3,4,4,3,1,1,3,2,1,1,3,3
20740,21,4,4,1,2,1,2,1,1,1,1,2,1,2,5,4,2,4,3,4,3,2,4,4,4,3,3,3,2,3,5,1,3,1,1,3,4,5,4,1,2,2,1,2,1,1,2
,18,2,4,2,4,3,2,1,1,2,2,3,1,2,4,4,3,4,3,3,3,1,5,4,3,2,4,4,2,4,4,2,3,2,2,4,2,2,3,1,2,3,2,2,1,5,3
21590,19,1,5,1,2,2,2,1,1,2,1,2,1,2,5,4,3,4,4,4,2,2,4,5,2,4,4,3,1,5,4,2,2,2,2,4,4,5,4,1,1,4,2,2,1,1,2
20706,20,3,5,5,4,4,4,3,3,1,1,4,3,2,3,4,3,4,4,3,4,2,4,5,3,4,4,3,2,3,4,2,3,4,2,3,3,4,3,3,4,4,3,3,2,2,3
21547,25,1,5,1,5,1,1,1,1,4,1,1,1,1,5,5,4,5,4,5,1,1,5,5,3,4,5,3,1,5,5,1,1,1,3,5,4,5,5,1,1,4,3,2,1,5,2
20774,20,2,4,2,3,2,1,1,1,2,2,2,1,2,4,4,2,4,4,3,2,2,4,4,3,3,4,2,2,4,4,1,2,2,2,3,3,4,4,1,2,2,2,3,2,2,2
20696,21,1,4,2,4,2,2,1,1,2,1,2,1,3,5,4,2,4,4,4,3,4,3,4,2,4,3,3,1,3,4,1,1,3,1,3,3,4,3,1,1,2,1,2,1,3,2
20669,19,2,4,2,2,2,2,2,2,1,1,2,2,2,2,1,3,4,2,2,2,2,4,4,2,2,4,2,1,4,4,3,2,1,2,4,4,4,4,2,2,2,2,2,2,2,3
19567,25,1,5,1,4,1,1,1,1,1,1,1,1,1,5,1,3,4,3,2,2,1,2,5,1,4,2,1,1,1,5,1,1,1,1,1,2,5,2,1,1,1,1,1,1,1,1
20889,20,2,4,1,3,2,2,1,1,4,1,2,1,1,5,3,3,3,4,4,4,2,4,5,3,2,4,2,1,4,3,2,2,1,1,4,3,4,3,2,3,4,2,3,1,5,2
20684,20,3,4,5,4,2,2,2,2,3,2,2,2,3,4,4,4,3,4,4,3,2,4,5,3,4,4,3,2,4,4,2,2,1,1,3,4,4,3,3,2,4,1,2,2,2,3
20812,19,2,4,2,4,1,1,1,1,4,1,2,1,2,5,3,2,4,4,3,2,2,3,5,4,4,3,2,1,3,5,2,1,1,1,1,3,5,3,1,2,4,1,1,1,1,1
21392,19,2,4,1,3,2,2,1,1,3,1,2,1,2,4,3,2,3,4,4,2,4,4,5,3,4,4,4,2,4,4,2,2,1,2,3,3,4,4,2,2,4,2,2,2,4,2
20625,38,3,5,1,2,2,2,2,2,2,1,2,2,2,3,2,3,3,1,2,3,3,4,5,2,2,2,1,2,2,4,3,3,2,3,2,3,4,2,2,3,1,2,3,2,3,3
21389,28,2,5,1,4,2,1,1,1,5,1,1,1,3,5,4,3,4,5,5,2,2,5,5,2,5,4,3,1,5,4,2,1,1,1,5,5,4,5,1,1,3,1,1,1,5,2
20819,19,2,5,1,4,4,2,1,1,2,3,4,1,2,5,4,3,4,4,2,2,2,2,5,3,4,2,2,1,2,4,2,3,1,1,3,3,5,2,1,1,4,1,3,1,3,4
21595,37,1,5,1,3,2,2,2,2,3,2,2,2,5,5,3,3,4,3,5,2,2,4,4,3,2,5,3,3,5,3,2,2,2,2,4,5,3,5,2,2,3,2,2,2,2,1
20846,51,2,5,1,3,3,3,4,4,1,4,4,4,2,3,3,3,3,3,2,3,3,3,4,3,3,3,3,1,2,3,2,3,1,1,2,3,3,3,4,3,1,3,3,2,2,2
21488,28,2,4,1,3,2,2,1,1,1,1,2,2,3,3,4,3,3,4,2,2,2,3,5,1,3,3,2,1,3,5,1,3,3,1,3,3,4,3,2,1,3,1,1,1,3,1
21596,21,1,5,1,3,2,2,1,1,2,1,2,1,3,4,2,3,3,4,4,2,2,3,4,3,4,3,2,1,3,5,2,2,2,1,3,4,4,4,1,1,4,2,2,2,2,2
21626,19,2,5,2,3,3,1,1,1,4,3,3,4,4,2,2,3,4,4,5,3,4,5,5,4,3,5,4,2,4,2,1,3,2,2,4,4,2,4,2,2,4,2,2,3,3,2
21502,18,1,5,2,4,3,1,2,2,2,2,4,2,3,4,2,3,4,4,4,2,2,4,5,2,4,4,3,2,4,5,2,2,1,2,4,4,4,4,2,2,3,2,3,2,1,2
21462,18,1,4,1,3,2,1,1,1,1,1,1,1,2,4,3,3,3,3,4,2,1,3,5,2,3,2,1,1,2,4,1,1,1,1,3,3,4,3,1,1,3,1,1,1,3,1
21550,20,3,3,1,4,1,3,2,1,3,1,1,1,2,5,4,3,3,3,4,3,4,3,4,3,4,2,1,2,3,3,3,3,3,3,3,3,3,3,3,3,3,3,3,3,3,3
21571,19,2,4,3,3,3,2,3,2,1,1,3,1,2,4,4,3,2,4,2,2,3,3,4,2,4,2,2,2,3,3,1,3,4,3,3,2,2,3,2,2,3,3,2,2,2,3
21459,20,1,5,1,3,2,1,1,1,2,1,2,1,3,5,2,2,3,4,4,1,2,4,5,3,4,4,2,1,4,5,1,1,1,1,3,4,4,4,1,1,2,1,2,1,2,2
20707,20,1,5,1,2,3,2,1,1,1,1,3,1,1,5,3,1,2,5,2,2,3,3,4,3,4,3,3,1,3,4,1,1,1,1,1,1,3,2,1,1,1,1,1,1,2,4
,20,3,3,1,4,3,4,4,3,3,3,4,4,3,4,3,4,3,3,4,3,3,4,3,4,4,3,3,3,3,4,3,4,3,3,3,4,4,4,3,4,4,3,3,3,3,1
21467,18,2,5,2,1,2,2,2,1,1,3,2,1,2,4,4,2,1,5,4,2,1,4,4,2,2,2,1,1,2,4,1,2,1,2,2,2,4,1,1,2,2,2,2,1,1,2
20813,19,2,5,1,3,2,2,3,3,2,2,2,3,2,3,4,3,3,2,3,2,3,3,5,3,3,3,3,2,3,4,1,2,3,1,3,3,4,3,1,1,3,2,2,1,3,3
21519,19,3,4,2,4,3,3,2,2,4,2,2,2,3,4,3,4,3,4,4,3,3,4,4,2,4,4,3,2,4,3,2,3,2,3,3,3,3,4,2,3,3,2,2,3,3,2
21400,20,1,5,1,3,1,1,1,1,1,1,1,1,1,5,1,1,3,1,1,1,3,1,5,1,3,1,1,1,2,3,1,1,1,1,1,3,3,1,1,1,1,1,1,1,5,2
21536,18,3,4,1,3,2,2,1,1,2,3,2,1,3,4,3,3,4,2,4,2,2,4,4,3,2,4,3,2,4,4,1,2,1,1,3,4,4,4,2,2,4,2,2,2,2,2
21619,18,3,5,1,4,2,2,1,1,3,1,2,1,4,4,4,2,3,5,5,3,2,5,4,2,5,4,4,2,5,4,1,3,2,1,4,4,5,4,1,2,3,2,2,1,3,2
21559,18,3,5,1,4,1,3,2,2,4,1,2,2,3,4,4,3,4,4,4,3,4,4,5,3,4,4,3,2,3,4,2,3,3,2,3,3,4,4,2,2,3,2,2,2,2,2
21469,21,2,5,1,4,1,2,3,2,1,1,2,2,2,4,5,3,4,5,4,3,2,4,5,3,3,4,1,1,4,4,1,2,1,1,4,4,5,4,1,2,4,5,2,2,1,1
20666,20,3,4,1,4,2,3,2,2,3,2,3,2,3,4,4,3,4,4,4,3,4,3,4,3,4,3,3,2,3,4,2,3,2,2,4,3,4,3,2,3,4,2,3,2,4,4
20810,21,1,4,1,3,1,1,1,1,2,1,1,1,4,5,3,3,3,3,4,1,3,4,4,3,3,4,4,1,4,4,3,1,3,1,5,5,3,5,1,1,4,1,1,1,1,3
20689,30,3,5,1,2,4,2,2,2,3,1,3,4,3,4,1,3,3,2,4,2,3,4,5,3,2,4,4,2,4,4,1,4,2,2,3,4,3,4,2,2,4,2,2,2,3,2
20631,20,2,5,1,4,2,2,1,1,2,1,2,2,2,4,3,3,4,4,4,2,2,4,4,2,4,4,2,1,4,4,1,2,1,2,3,4,4,2,2,2,3,2,3,1,4,3
20855,19,2,5,1,3,2,2,1,1,2,2,1,1,2,4,3,3,4,2,2,2,2,2,4,2,3,2,1,2,2,3,2,1,1,2,3,3,2,3,1,1,2,2,2,2,2,3
20694,40,1,4,1,3,2,2,2,2,2,1,3,2,3,4,3,3,3,3,2,1,2,3,4,2,3,3,3,2,3,4,3,3,2,1,3,3,4,3,3,2,2,3,3,2,2,3
21420,20,2,5,1,3,1,4,1,1,3,2,2,1,3,1,4,3,4,2,2,3,2,2,4,2,2,2,2,2,2,3,2,3,4,2,4,3,4,3,1,2,4,2,3,1,3,2
21587,18,1,4,1,3,2,2,1,2,2,3,4,2,2,5,4,5,3,4,2,3,2,4,5,2,2,2,3,2,4,5,2,3,2,5,2,4,4,3,1,1,2,2,2,1,2,1
20773,19,1,5,1,4,2,1,1,1,3,1,2,1,3,4,4,2,4,3,4,1,2,4,5,3,3,4,3,1,3,4,1,1,2,2,3,4,4,3,1,1,3,1,1,1,3,2
20690,20,1,5,1,2,2,1,1,1,3,1,2,1,3,5,4,3,4,4,5,1,2,5,4,1,3,3,3,1,3,5,2,1,1,3,3,4,5,3,1,1,3,1,1,1,1,3
20808,21,1,2,3,1,3,2,2,2,2,3,1,3,1,2,1,3,1,3,2,2,1,3,3,1,2,1,3,1,3,2,2,2,1,1,3,3,1,2,2,2,3,2,3,3,2,2
21566,18,4,4,1,4,3,3,1,1,2,1,3,1,3,4,4,3,3,4,3,2,1,3,5,1,4,3,3,2,3,4,1,3,1,1,4,3,4,3,1,2,2,1,1,1,1,2
20705,30,2,5,1,4,1,2,1,1,4,1,1,1,4,5,3,3,4,4,4,2,1,4,5,4,4,4,4,1,4,5,1,2,1,1,4,5,5,4,1,1,4,4,1,1,2,1
21488,28,2,4,1,3,2,2,1,1,3,1,2,2,3,4,3,3,5,3,3,1,2,3,5,3,3,3,3,1,3,4,1,1,3,1,3,3,5,3,1,2,3,3,1,1,3,1
21617,40,2,5,3,4,3,2,2,3,1,3,3,2,2,4,5,3,3,3,4,2,3,3,5,3,3,3,3,2,3,2,1,3,2,3,4,4,4,4,3,2,4,3,3,3,2,2
20894,20,1,5,1,4,1,1,1,1,3,1,2,1,3,5,4,3,5,4,3,1,1,3,5,1,4,4,2,1,3,4,1,1,3,1,4,4,5,4,1,1,3,1,1,1,3,2
21485,18,1,5,1,2,1,1,1,1,3,1,1,1,3,5,4,3,4,3,4,1,2,3,5,3,3,3,3,1,3,4,1,1,1,1,3,4,4,3,1,1,3,1,1,1,1,1
21591,20,1,4,1,4,2,1,2,2,3,1,1,1,3,4,4,4,4,4,4,1,1,4,4,3,4,4,4,2,3,4,1,1,1,1,4,4,4,4,1,1,5,1,1,1,1,2
21613,18,2,4,1,3,2,2,1,1,2,1,2,1,2,4,3,3,4,2,3,2,2,3,4,2,3,4,2,2,4,4,2,2,2,2,3,4,4,3,2,2,2,2,2,2,2,2
21536,18,1,4,2,3,2,2,2,2,3,2,2,2,3,4,3,3,4,2,4,2,2,4,4,3,3,4,3,2,4,4,2,2,1,1,3,4,4,4,2,2,3,2,2,2,2,2
20877,19,1,5,1,4,3,3,1,1,4,1,3,1,4,5,3,3,2,4,4,5,3,4,5,2,3,4,2,1,4,4,1,2,2,1,4,3,5,5,1,1,5,1,1,1,1,3
20839,19,3,4,3,4,3,3,2,2,2,2,3,2,2,4,4,3,4,4,3,3,2,4,4,2,4,4,2,3,4,4,3,3,2,2,3,4,4,3,2,3,3,2,3,2,3,3
20800,19,2,5,1,4,2,1,1,1,2,1,2,1,3,4,4,2,2,4,4,2,2,4,5,2,4,4,1,1,4,4,2,1,1,1,4,4,4,3,1,1,4,2,2,1,3,1
20795,19,1,5,1,4,4,1,1,1,2,1,1,1,3,5,4,3,3,4,4,1,1,3,5,2,4,3,5,1,4,4,1,1,1,1,3,4,5,4,1,1,3,1,1,1,1,1
21533,19,2,5,1,4,2,3,1,1,2,2,2,2,3,4,4,3,2,2,3,3,2,4,3,2,3,2,2,3,4,3,1,2,3,4,2,4,1,5,2,3,4,2,3,2,3,1
21532,20,2,5,1,3,3,2,1,1,3,1,2,1,4,5,4,2,4,4,4,2,2,4,5,2,4,4,2,1,4,4,2,1,1,1,4,4,4,4,1,4,4,2,2,1,1,3
20841,20,1,4,1,2,2,2,1,1,4,2,2,2,2,2,3,3,3,3,4,1,3,4,1,2,1,1,1,1,4,2,1,1,2,2,5,2,3,4,1,1,1,1,1,1,1,1
21407,18,2,5,1,2,2,2,1,1,3,1,2,1,3,5,3,4,4,3,4,2,2,3,4,2,4,4,2,1,3,4,2,2,1,1,3,4,4,4,2,2,5,1,1,1,3,3
20780,21,2,4,1,4,2,3,1,1,3,1,3,1,2,5,4,3,4,4,3,3,2,3,5,1,3,3,3,2,3,5,2,4,1,1,4,3,5,3,2,3,2,1,3,1,3,4
20658,21,3,3,2,2,4,4,4,4,2,3,4,4,2,2,3,4,3,1,1,5,3,2,2,3,2,2,2,2,2,2,4,3,3,3,3,2,3,4,3,4,3,4,5,3,3,2
20850,20,3,4,1,2,4,2,1,1,1,3,1,1,2,5,2,3,3,2,4,2,1,4,4,1,1,4,1,1,4,4,1,1,1,1,3,4,2,4,1,1,1,1,1,1,1,1
21425,18,2,5,1,3,2,3,1,1,1,2,3,1,3,5,2,3,2,4,4,3,2,4,5,3,3,4,2,2,4,4,3,4,2,4,3,4,4,4,2,3,3,4,3,2,1,4
21543,19,1,5,1,3,2,1,1,1,3,1,1,1,2,5,2,4,2,2,3,2,3,4,4,4,2,3,3,1,3,5,1,1,2,1,5,2,3,2,1,1,4,1,2,1,1,1
20834,21,1,5,1,4,1,1,1,1,4,1,1,1,4,5,4,3,4,4,4,1,4,5,5,4,4,4,4,1,5,5,1,1,1,1,5,5,5,5,1,1,4,1,1,1,1,1
20836,20,1,3,2,4,2,2,2,2,3,1,1,2,1,4,4,3,3,5,5,2,2,1,2,2,3,3,1,2,2,4,1,2,1,2,3,3,4,3,2,2,4,1,2,1,1,2
21460,19,3,5,1,3,1,2,1,1,3,2,1,1,4,4,4,2,4,3,4,3,4,4,4,4,3,4,2,1,4,3,2,3,1,1,4,3,3,4,1,2,3,2,1,1,2,2
20682,19,2,5,1,4,2,1,1,1,2,2,2,1,3,4,3,2,4,4,4,1,1,4,4,3,3,4,3,1,4,5,2,1,1,1,3,4,2,3,2,1,2,1,1,1,1,4
20735,20,1,5,1,4,1,1,1,1,3,1,1,1,5,5,3,4,5,4,4,1,1,5,5,3,5,5,5,1,5,5,1,1,1,1,5,5,5,5,1,1,4,1,1,1,1,1
20735,20,1,5,1,5,1,1,1,1,3,1,1,1,5,5,3,4,5,4,5,1,1,5,5,3,5,5,5,1,5,5,1,1,1,1,5,5,5,5,1,1,4,1,1,1,1,1
20764,20,1,5,1,4,1,2,1,1,3,1,1,1,4,5,4,3,4,4,5,2,3,4,5,3,4,4,4,1,4,5,2,1,1,1,4,5,5,5,1,1,4,1,1,1,1,3
21542,19,4,5,2,4,3,3,1,1,2,1,2,1,3,5,4,3,5,4,4,4,2,3,4,2,4,3,1,1,4,5,1,4,1,2,2,3,5,4,2,3,2,2,2,1,3,2
20814,20,2,4,2,3,2,2,1,1,2,1,2,1,3,4,4,2,4,4,4,2,2,3,4,3,4,4,2,1,3,4,1,2,3,1,4,3,4,3,2,2,4,2,2,1,2,1
21580,18,1,5,1,4,2,1,1,1,3,1,2,1,2,5,4,3,4,4,4,2,2,4,4,2,4,4,3,2,4,4,1,2,1,2,4,4,3,4,1,1,4,1,2,1,1,2
20674,20,2,4,2,3,2,2,1,1,1,1,1,1,1,5,4,4,3,3,4,2,5,4,4,4,3,3,1,1,3,3,1,3,3,3,3,3,3,3,3,3,3,3,3,3,3,3
19721,21,2,5,1,3,5,1,1,1,1,3,5,1,1,5,2,3,4,4,1,1,5,1,5,1,1,1,1,1,1,5,4,1,5,1,1,1,4,1,2,2,1,1,1,1,1,4
21483,19,3,2,4,2,3,2,3,3,1,1,1,3,2,3,2,2,2,2,2,2,2,1,4,2,2,1,1,1,1,3,2,2,2,2,2,2,2,3,2,2,2,2,2,1,2,3
21430,35,1,5,1,4,1,4,1,2,3,1,1,1,3,5,5,5,5,5,4,2,5,3,5,2,5,4,3,1,3,5,1,1,1,1,4,3,5,2,1,1,2,1,1,1,1,2
21610,18,3,4,2,3,2,4,2,2,2,2,3,2,3,4,2,3,3,4,4,5,3,3,4,2,2,3,3,2,4,2,2,3,2,1,4,3,4,4,3,3,2,3,4,2,5,3
21516,24,2,4,4,5,1,3,2,2,2,2,3,3,3,4,3,3,4,4,2,3,2,1,4,4,4,2,2,2,2,3,2,5,1,1,3,3,5,2,1,4,4,2,3,2,1,4
21551,19,3,4,4,3,3,2,3,5,4,1,3,5,4,3,5,1,4,5,4,2,3,5,5,3,4,5,2,1,5,3,2,3,1,2,3,3,5,2,3,4,1,2,2,2,4,1
21472,19,1,5,1,2,1,1,1,1,3,1,1,1,4,5,4,4,4,4,4,2,2,5,5,3,4,5,3,1,4,5,1,1,1,1,4,4,5,4,1,1,4,1,1,1,5,3
20849,20,3,4,2,4,1,2,2,2,2,2,2,2,2,4,4,3,4,4,4,2,2,3,4,2,3,3,3,2,3,4,1,4,2,2,4,3,4,3,2,2,2,2,2,2,4,3
21565,18,1,5,1,4,2,2,1,1,4,1,3,1,4,5,4,3,4,3,4,2,2,3,5,3,4,3,3,1,3,5,1,1,1,1,4,4,4,4,1,1,4,1,1,1,1,1
20664,19,1,5,1,2,1,1,1,1,2,1,1,1,3,5,3,1,3,3,4,1,1,5,5,3,2,5,1,1,5,2,1,1,1,1,3,4,4,4,1,2,2,1,1,1,1,1
20675,21,1,5,1,3,1,1,1,1,4,1,1,1,3,5,4,4,2,4,4,1,4,4,5,3,4,4,3,1,5,4,1,1,1,1,4,5,4,5,1,1,3,1,1,1,5,2
20692,20,1,4,1,4,2,2,1,1,2,2,2,1,2,4,4,4,3,5,4,2,1,4,4,2,4,4,4,1,4,5,2,2,1,1,2,4,5,4,1,2,5,1,2,1,5,4
20700,38,2,4,1,4,2,2,2,2,1,2,2,2,2,4,3,3,3,4,2,2,2,3,4,2,3,3,2,2,2,4,1,2,2,1,2,3,3,2,2,2,2,2,2,2,2,2
21474,23,2,5,1,4,1,1,1,1,3,1,1,1,2,4,4,1,4,4,4,3,2,3,5,3,5,3,1,1,3,4,1,3,3,1,4,4,4,3,1,1,3,1,1,1,1,1
20885,20,2,5,1,4,3,2,1,1,2,2,2,1,3,4,2,3,3,2,2,1,2,2,5,2,4,2,2,2,2,4,2,2,1,2,2,3,4,2,2,2,2,2,3,1,1,2
21570,18,2,5,1,1,2,2,1,1,2,1,2,1,2,5,2,4,4,2,4,2,2,4,5,3,2,4,3,1,4,4,1,2,2,2,3,4,4,4,2,2,3,2,2,2,2,2
21512,19,2,4,1,2,2,2,2,1,3,2,2,1,3,4,4,3,4,4,4,3,2,3,4,3,3,4,3,2,3,4,2,3,3,2,3,4,4,3,2,3,3,2,3,2,3,3
21445,19,3,4,2,2,2,2,2,2,4,2,2,2,4,4,3,3,4,2,4,2,3,3,4,3,3,3,3,2,3,4,2,2,2,2,4,4,4,4,2,2,4,2,2,2,4,2
20868,30,1,5,1,3,1,1,1,1,1,1,2,1,1,5,3,3,3,4,3,3,3,4,5,1,4,2,1,1,3,5,1,2,2,1,2,3,3,3,1,2,2,1,2,1,3,1
21438,19,1,4,1,3,2,2,1,1,2,2,2,1,3,4,4,3,4,3,4,2,2,4,4,2,4,3,3,1,4,4,1,1,1,1,3,4,4,4,2,1,3,2,2,1,1,2
20796,19,2,4,1,3,2,2,1,1,3,1,2,1,3,5,3,3,4,3,4,2,4,3,5,3,3,3,3,1,3,4,1,2,2,1,4,4,4,3,1,1,3,2,3,1,2,1
21451,18,2,4,1,3,2,2,2,2,3,3,2,2,3,4,3,3,3,4,3,2,2,4,4,2,2,4,3,1,3,4,2,2,2,2,3,3,4,4,2,2,3,2,2,2,2,2
21608,19,1,5,1,3,1,1,1,1,3,1,1,1,5,5,2,2,4,4,4,2,2,4,4,1,5,2,2,1,4,3,1,1,1,1,5,5,4,5,1,1,4,2,2,1,2,2
21627,21,2,5,1,2,2,2,1,1,3,1,2,1,2,5,4,3,4,4,4,2,4,2,4,3,4,2,2,2,2,4,2,2,2,2,3,4,3,2,1,2,4,2,3,1,2,3
21528,21,1,5,1,3,2,1,2,2,3,2,2,2,3,4,4,3,4,4,4,2,3,3,5,2,4,3,3,1,3,4,2,1,1,1,4,4,4,4,1,1,4,1,1,1,5,2
21403,19,2,4,1,3,2,2,1,1,2,1,1,1,4,4,3,3,4,4,4,2,2,4,4,3,4,4,1,1,4,5,1,2,2,1,4,4,4,4,1,2,4,2,2,1,3,2
20715,20,1,5,1,3,2,1,1,1,3,1,2,1,3,5,3,4,3,4,4,2,2,4,5,4,3,4,4,1,2,5,1,1,1,2,4,4,5,4,1,1,3,4,2,1,1,1
20862,19,1,5,1,4,2,2,1,1,2,2,2,1,3,5,3,3,3,4,3,2,2,4,4,1,4,4,3,1,4,4,1,2,2,1,4,4,3,3,2,1,4,1,2,1,2,3
20679,19,2,4,1,3,3,3,2,3,2,2,2,1,3,3,2,2,2,3,4,2,3,3,4,3,4,4,3,1,2,4,2,2,1,2,2,2,4,2,3,2,3,3,2,3,3,2
21909,22,3,4,1,4,2,3,3,2,2,3,3,2,3,4,4,3,4,4,3,3,3,3,4,2,2,3,3,1,3,2,4,3,1,2,3,3,2,3,3,3,3,3,2,2,3,4
21567,19,3,5,2,4,4,3,1,1,4,2,3,1,2,4,4,2,4,4,4,2,1,4,5,2,4,4,1,1,4,4,2,2,4,2,3,4,4,4,2,2,4,2,3,3,3,3
20726,20,2,5,1,2,2,2,1,1,3,2,2,2,2,3,2,3,4,2,4,2,3,4,5,4,2,3,3,1,4,5,1,2,1,1,4,4,3,4,1,3,2,2,2,2,4,2
21441,20,1,5,1,3,2,2,2,1,3,1,3,1,3,5,3,3,4,3,3,1,2,4,5,3,4,4,3,1,4,5,2,2,2,1,3,3,5,3,2,1,3,1,1,1,2,3
21501,20,1,2,1,4,2,2,1,1,2,1,3,1,3,4,4,2,3,2,3,2,2,3,3,1,4,4,3,1,3,4,4,2,1,1,3,3,4,4,1,2,2,1,2,1,3,1
21432,19,2,5,1,3,2,1,2,1,4,2,1,1,4,5,4,3,4,4,4,2,3,4,5,3,4,4,2,2,4,5,3,3,2,1,4,4,5,4,1,1,3,2,2,1,2,3
21535,20,1,3,3,2,3,1,1,1,3,1,3,1,3,3,3,2,2,3,4,1,3,3,3,2,3,3,3,3,3,3,1,1,3,2,3,3,3,3,1,1,3,3,3,3,3,1
21388,20,1,5,1,2,2,1,2,2,1,1,1,1,2,4,2,3,3,2,4,2,3,2,4,2,3,2,3,1,3,3,1,3,2,1,3,3,4,3,2,1,3,2,1,2,3,1
20802,19,1,5,1,4,1,1,1,1,2,1,1,1,4,5,4,4,4,4,4,2,3,5,5,2,4,4,3,1,4,5,1,1,1,1,3,5,5,4,1,1,2,1,1,1,4,1
20622,20,1,4,1,3,2,2,1,1,2,2,3,1,3,4,3,3,3,4,4,2,2,3,4,1,3,3,3,1,3,4,2,1,1,3,3,3,3,3,1,2,2,1,1,1,1,2
20693,20,2,5,1,4,2,2,2,1,2,2,2,1,2,4,2,3,4,3,4,2,3,4,4,2,4,4,2,2,4,4,2,2,2,2,3,4,4,4,2,2,4,2,2,2,2,2
19892,30,1,4,1,4,3,2,1,1,3,1,3,1,3,4,3,3,4,4,5,2,2,4,5,3,4,4,3,1,4,4,2,2,1,2,3,4,4,4,1,2,3,1,1,1,1,2
21397,18,1,4,1,2,1,1,1,1,3,1,2,1,3,5,3,1,4,3,4,1,1,3,5,1,3,3,1,1,3,4,1,1,1,1,1,4,4,3,1,1,3,1,1,1,1,3
22088,19,1,1,1,2,2,2,2,1,3,1,1,1,3,5,3,3,3,3,5,2,3,3,5,3,3,3,3,1,3,3,1,2,1,1,3,3,3,4,1,1,3,3,3,1,3,1
20747,22,1,5,1,4,3,1,1,1,3,1,3,1,2,1,3,3,4,3,3,3,3,4,5,3,4,4,3,1,4,3,3,1,1,1,4,4,4,3,1,1,3,2,2,1,1,3
19648,20,1,4,1,2,2,1,1,1,2,1,2,1,1,5,2,2,3,1,2,3,4,2,5,1,3,2,1,1,3,5,1,1,2,1,4,4,5,4,1,1,2,1,3,1,2,1
20804,19,2,4,2,4,4,2,2,2,2,1,2,2,3,4,2,3,4,4,4,3,2,3,4,2,2,3,2,2,3,3,1,4,3,1,2,3,4,3,2,2,3,2,3,2,2,2
21546,19,2,5,1,4,3,2,1,1,2,1,2,1,2,4,3,3,3,4,3,2,3,3,4,2,4,3,3,1,3,4,2,3,1,1,3,4,3,4,1,2,4,2,2,1,4,3
20741,19,1,5,1,4,2,1,1,1,2,1,2,1,3,5,5,3,5,5,3,2,5,4,5,2,4,4,2,1,4,5,1,1,1,1,3,4,5,4,1,1,2,1,1,1,1,1
20746,20,2,4,2,4,3,2,2,2,2,2,2,2,4,4,3,3,3,4,4,1,2,4,4,3,2,4,3,2,4,4,2,2,1,2,3,4,4,4,2,2,4,2,3,2,2,3
21391,21,3,5,1,3,5,2,3,3,1,2,4,3,3,3,4,2,4,3,2,3,2,3,4,3,3,3,2,2,3,3,2,2,2,2,2,3,4,3,3,2,4,2,2,2,3,3
21506,18,1,4,1,4,2,2,2,2,3,1,2,1,3,5,4,4,4,3,4,2,2,3,4,5,4,4,3,1,4,5,1,2,4,1,4,4,5,4,1,1,4,1,1,1,2,3
21521,18,1,5,1,4,1,1,1,1,5,1,2,1,5,5,4,3,4,4,4,1,1,5,5,4,5,5,4,1,4,5,1,2,1,1,4,5,5,5,1,1,5,1,1,1,5,1
20756,19,2,4,1,4,2,2,1,1,2,1,2,1,2,5,3,3,4,4,4,2,2,4,4,3,4,4,3,2,4,4,3,2,2,2,4,3,4,4,4,2,4,2,2,1,3,3
21383,18,1,5,1,4,2,1,1,1,3,1,2,1,3,5,4,4,4,3,5,2,1,5,5,3,4,5,5,1,5,5,1,1,1,1,5,5,5,5,1,1,3,1,1,1,1,1
20822,19,1,1,1,2,1,1,1,1,3,1,1,1,3,4,4,3,4,4,4,2,3,4,5,4,4,4,4,1,4,4,1,2,2,1,4,4,4,4,1,1,4,2,2,1,3,1
21470,19,1,5,1,1,1,1,1,1,3,1,1,1,4,5,4,3,4,2,5,2,2,4,5,3,2,5,3,1,5,5,1,1,1,1,5,4,4,5,1,1,3,2,2,1,1,1
21582,20,1,4,1,3,1,2,1,1,1,1,2,1,2,5,5,3,4,4,3,2,2,4,4,3,3,4,3,1,4,5,2,2,2,1,3,4,4,3,2,1,3,1,2,1,1,4
20874,19,1,4,1,3,1,1,1,1,3,1,1,1,4,5,2,2,4,3,4,2,3,4,4,3,2,4,1,1,4,4,1,2,4,2,4,4,5,4,1,2,3,1,2,2,2,1
21622,19,1,5,1,3,4,3,2,1,2,1,3,1,2,5,4,3,4,3,4,3,2,2,5,1,3,2,2,2,3,3,3,4,1,1,1,2,5,3,2,2,1,3,3,2,5,3
21609,18,2,4,1,3,3,1,2,2,3,1,3,3,4,2,3,2,5,3,5,1,3,5,5,3,2,4,3,1,4,5,1,1,2,1,4,5,3,4,1,1,4,1,3,1,1,1
21618,18,2,4,2,2,2,2,1,1,3,2,2,2,3,4,3,4,3,3,3,2,3,3,4,3,3,3,3,2,3,4,1,1,1,1,3,3,4,3,1,1,3,2,2,2,2,3
21621,18,1,5,1,3,1,1,1,1,2,1,2,1,2,1,4,4,4,5,3,2,2,3,5,2,5,3,2,1,3,4,1,1,1,1,3,4,4,3,1,1,3,1,2,2,3,2
21412,30,3,5,1,3,2,3,1,1,1,1,1,1,3,5,3,3,3,3,4,2,1,4,4,2,3,4,2,2,4,3,3,4,1,1,3,4,3,4,1,2,3,1,1,1,4,2
21457,19,1,5,1,3,1,2,2,2,4,2,2,2,3,4,4,3,4,4,4,2,2,4,5,3,4,4,4,2,4,4,1,2,1,2,4,3,4,3,2,2,4,2,2,2,2,2
20632,19,1,5,1,4,1,1,1,1,3,1,1,1,3,4,3,3,3,3,3,3,3,3,3,3,3,3,3,3,3,3,3,3,3,3,3,3,3,3,3,3,3,3,3,3,3,3
21422,18,3,5,1,4,3,2,2,2,2,1,2,2,1,4,4,2,3,4,3,3,2,4,5,2,4,3,1,1,3,4,1,2,3,1,3,4,4,2,2,2,3,2,3,1,1,3
21449,21,2,5,2,3,1,2,2,2,3,3,2,1,3,4,3,2,4,3,5,2,2,3,5,2,3,4,2,2,3,4,2,3,1,1,4,4,4,3,2,2,3,2,2,2,1,3
21593,18,1,5,1,3,1,1,2,1,5,1,1,2,3,1,1,3,2,5,5,3,3,3,4,2,4,4,1,1,4,5,3,3,2,1,4,4,5,3,2,2,3,2,1,2,3,3
20659,19,2,5,2,4,1,2,2,2,3,2,2,2,4,5,4,3,4,4,4,2,2,4,5,3,4,4,3,2,4,4,2,2,2,2,4,4,5,4,2,2,3,2,2,2,2,3
21498,18,3,4,2,4,4,3,2,2,4,3,3,2,4,4,2,3,4,4,4,4,2,4,4,4,3,4,2,2,4,4,2,3,2,2,3,3,2,4,2,2,4,2,3,2,2,3
21506,18,1,5,1,4,2,1,1,1,2,1,2,1,2,5,4,3,4,4,3,1,2,3,5,3,4,3,4,1,3,5,1,1,3,1,3,4,4,4,1,1,4,1,1,1,2,3
20869,21,3,5,1,4,3,2,1,1,5,3,5,1,3,4,4,2,4,3,4,3,2,4,4,5,4,5,3,1,4,4,1,2,2,1,4,4,5,4,1,3,4,1,2,1,1,2
21391,21,2,4,1,3,3,2,2,2,3,2,2,3,3,2,4,2,4,3,3,2,3,4,5,4,3,3,3,2,3,3,2,3,1,2,2,2,4,3,2,2,4,2,2,2,4,3
21608,19,1,4,1,4,2,2,2,2,3,2,2,2,4,1,4,3,4,4,4,4,2,4,4,1,4,4,2,2,4,4,1,2,1,2,5,4,5,4,2,3,4,2,2,2,4,2
21593,18,1,5,1,3,5,1,1,1,5,5,1,5,1,5,5,3,3,3,3,3,3,3,3,3,3,3,3,3,3,3,3,3,3,3,3,3,3,3,3,3,3,3,3,3,3,3
21466,20,1,5,1,1,1,1,1,1,3,1,1,1,3,4,4,1,3,2,4,1,3,5,5,4,4,5,3,1,5,3,1,4,1,1,5,5,4,2,1,1,1,4,1,1,4,1
20869,21,2,4,2,4,2,2,2,2,4,2,2,2,4,5,4,4,4,4,4,2,1,4,5,4,4,4,3,2,4,4,1,2,3,2,4,4,4,4,2,2,4,2,2,2,2,2
20658,21,3,3,3,2,4,2,3,3,2,3,4,3,3,2,2,2,3,4,4,3,2,3,2,2,2,2,2,2,2,2,2,2,2,2,3,3,2,2,2,2,3,2,3,2,3,2
21506,18,1,5,1,4,2,1,1,1,3,1,2,1,3,5,4,4,5,4,4,1,1,3,5,4,3,4,4,1,4,5,1,1,3,2,4,4,4,4,1,2,4,1,1,1,3,2
19892,30,1,4,1,4,3,1,1,1,3,1,2,1,3,1,4,3,3,4,4,1,1,4,4,3,4,4,3,1,4,5,2,1,1,1,3,4,4,4,1,1,3,1,2,1,3,2
20677,19,2,5,1,4,2,2,1,1,3,1,1,1,3,4,3,3,2,4,4,3,2,4,5,2,4,4,2,2,3,4,2,2,1,5,3,3,4,3,2,2,3,1,1,1,5,2
20664,19,2,4,2,4,2,2,2,2,3,2,2,2,3,5,3,2,3,4,3,2,2,3,4,3,2,3,3,2,3,4,2,2,2,2,3,4,4,3,2,2,3,2,2,2,4,2
20680,20,5,3,5,2,3,4,5,5,2,4,4,2,2,3,2,3,4,2,4,5,4,2,5,4,2,3,2,4,2,3,2,5,3,2,3,3,4,2,3,4,3,5,3,3,2,2
21556,19,1,5,1,5,1,3,1,1,3,1,1,1,3,5,5,1,5,5,4,2,4,5,5,3,5,4,3,3,5,3,2,3,1,3,5,5,5,5,1,3,3,1,1,1,3,3